series,rank,kind,date,return,drawdown_at_close
S&P 500 price (no dividends),1,best,1933-03-15,0.16609585014510864,-0.7862523599397886
S&P 500 price (no dividends),2,best,1929-10-30,0.12530589465012532,-0.27840554517602434
S&P 500 price (no dividends),3,best,1931-10-06,0.12358278801614109,-0.6889516742761055
S&P 500 price (no dividends),4,best,1939-09-05,0.11858408229820983,-0.603264278054787
S&P 500 price (no dividends),5,best,1932-09-21,0.11811031308677733,-0.7325800284198533
S&P 500 price (no dividends),6,best,2008-10-13,0.11580036951513706,-0.35894325787615355
S&P 500 price (no dividends),7,best,2008-10-28,0.10789005877973534,-0.399092741849
S&P 500 price (no dividends),8,best,1931-06-22,0.1051436733413047,-0.541431281331164
S&P 500 price (no dividends),9,best,1935-04-17,0.09610704819825755,-0.7172002493322484
S&P 500 price (no dividends),10,best,1933-04-20,0.0952381397607065,-0.7545511606449687
S&P 500 price (no dividends),11,best,2025-04-09,0.09515387644904849,-0.11185436731252951
S&P 500 price (no dividends),12,best,1935-05-17,0.09398914166181171,-0.685812930410632
S&P 500 price (no dividends),13,best,2020-03-24,0.09382773976227554,-0.27725288345000276
S&P 500 price (no dividends),14,best,2020-03-13,0.09287124972971839,-0.1993797977889885
S&P 500 price (no dividends),15,best,1932-08-08,0.09264700293128625,-0.76679222580038
S&P 500 price (no dividends),16,best,1987-10-21,0.09099355185214564,-0.23277010033004153
S&P 500 price (no dividends),17,best,1929-11-14,0.08946772012218274,-0.39610799113208617
S&P 500 price (no dividends),18,best,1933-06-19,0.0886849998313326,-0.6647834243384865
S&P 500 price (no dividends),19,best,1932-08-03,0.0885860291421432,-0.7994350362815299
S&P 500 price (no dividends),20,best,1933-07-24,0.08808294456691246,-0.670433151323027
S&P 500 price (no dividends),21,best,1931-10-08,0.08588958849927253,-0.6666666766444266
S&P 500 price (no dividends),22,best,1931-12-18,0.08290153936256872,-0.737602024591267
S&P 500 price (no dividends),23,best,1932-02-11,0.08266665140787754,-0.7451349739484678
S&P 500 price (no dividends),24,best,1938-10-10,0.08249022836380204,-0.5634023985896396
S&P 500 price (no dividends),25,best,1933-05-01,0.07662840195606768,-0.7354048919121235
S&P 500 price (no dividends),26,best,1932-06-10,0.07658640951545737,-0.8455743885109845
S&P 500 price (no dividends),27,best,1931-01-08,0.07554667847057184,-0.4905838282701389
S&P 500 price (no dividends),28,best,1931-06-03,0.07540984349813362,-0.5881983793403854
S&P 500 price (no dividends),29,best,1935-08-19,0.07532958562670888,-0.6415568155204775
S&P 500 price (no dividends),30,best,1932-11-10,0.07514450508575754,-0.7664783454271766
S&P 500 price (no dividends),31,best,1938-01-06,0.07509154662043871,-0.6315128830442097
S&P 500 price (no dividends),32,best,1937-10-20,0.07477476533168836,-0.6255492756864659
S&P 500 price (no dividends),33,best,1932-05-06,0.0721831578592127,-0.8088512229780309
S&P 500 price (no dividends),34,best,1933-04-19,0.07207207658720916,-0.7758945470903176
S&P 500 price (no dividends),35,best,1932-10-11,0.07165109543308845,-0.7840552422272851
S&P 500 price (no dividends),36,best,2009-03-23,0.07075754864749229,-0.4742229370515272
S&P 500 price (no dividends),37,best,2020-04-06,0.07033131865275055,-0.21336030345350687
S&P 500 price (no dividends),38,best,1932-01-06,0.07019863835521378,-0.7463904655080013
S&P 500 price (no dividends),39,best,2008-11-13,0.06921270805966984,-0.4177618989793014
S&P 500 price (no dividends),40,best,1932-10-14,0.06896552217171226,-0.7762084124968809
S&P 500 price (no dividends),41,best,1933-04-10,0.06862746473002201,-0.7947269354499594
S&P 500 price (no dividends),42,best,1931-09-23,0.06666669021418015,-0.6384180716550039
S&P 500 price (no dividends),43,best,1933-07-03,0.06507791458085,-0.6352793577228102
S&P 500 price (no dividends),44,best,2008-11-24,0.06472253086203117,-0.4557646332481887
S&P 500 price (no dividends),45,best,1933-10-04,0.06411580978980713,-0.6770244894938977
S&P 500 price (no dividends),46,best,2009-03-10,0.06366302222212594,-0.5402357829209818
S&P 500 price (no dividends),47,best,2008-11-21,0.06324760339835156,-0.48884770353156515
S&P 500 price (no dividends),48,best,1933-04-24,0.06317201432485464,-0.7517263121193385
S&P 500 price (no dividends),49,best,1932-08-15,0.06285715103149414,-0.7664783454271766
S&P 500 price (no dividends),50,best,1929-10-07,0.06247821777873952,-0.0445699952633577
S&P 500 price (no dividends),1,worst,1987-10-19,-0.2046693079969436,-0.3323633231203307
S&P 500 price (no dividends),2,worst,1929-10-28,-0.1294027932433418,-0.2862523749064285
S&P 500 price (no dividends),3,worst,2020-03-16,-0.11984055240393443,-0.2953265650877057
S&P 500 price (no dividends),4,worst,1929-10-29,-0.10158309099353158,-0.35875706485272585
S&P 500 price (no dividends),5,worst,1935-04-16,-0.09967139496228072,-0.7419962300829942
S&P 500 price (no dividends),6,worst,1929-11-06,-0.09921322699642032,-0.3531073378681854
S&P 500 price (no dividends),7,worst,1946-09-03,-0.09909907845847277,-0.5291902161757529
S&P 500 price (no dividends),8,worst,2020-03-12,-0.09511268097833658,-0.267415807297506
S&P 500 price (no dividends),9,worst,1937-10-18,-0.09121620859692281,-0.6622724412194195
S&P 500 price (no dividends),10,worst,1931-10-05,-0.09072166306646412,-0.7231638566899923
S&P 500 price (no dividends),11,worst,2008-10-15,-0.0903497780862258,-0.41996612932020216
S&P 500 price (no dividends),12,worst,2008-12-01,-0.0892952436107991,-0.47851004105614936
S&P 500 price (no dividends),13,worst,1933-07-20,-0.08879315972186252,-0.6682360485771633
S&P 500 price (no dividends),14,worst,2008-09-29,-0.08806776221769597,-0.29309010210729314
S&P 500 price (no dividends),15,worst,1933-07-21,-0.08703879875648834,-0.697112384379713
S&P 500 price (no dividends),16,worst,1932-10-10,-0.08547007211720525,-0.7984934101285598
S&P 500 price (no dividends),17,worst,1987-10-26,-0.08278947284947402,-0.3239599560645453
S&P 500 price (no dividends),18,worst,1932-10-05,-0.08198761597656778,-0.7680477173599134
S&P 500 price (no dividends),19,worst,1932-08-12,-0.08015770339187867,-0.7802887675486847
S&P 500 price (no dividends),20,worst,1935-08-16,-0.0797227105143089,-0.6666666766444266
S&P 500 price (no dividends),21,worst,1934-07-26,-0.0782800509411411,-0.737602024591267
S&P 500 price (no dividends),22,worst,1938-10-11,-0.07692305582758774,-0.5969868202571196
S&P 500 price (no dividends),23,worst,1930-06-16,-0.07637020419854912,-0.354676739734202
S&P 500 price (no dividends),24,worst,2008-10-09,-0.07616709580816616,-0.41863721131091025
S&P 500 price (no dividends),25,worst,2020-03-09,-0.07596969747745097,-0.18888409024872255
S&P 500 price (no dividends),26,worst,1940-05-14,-0.0747074661885534,-0.6773383698671009
S&P 500 price (no dividends),27,worst,1932-05-31,-0.07453419031074782,-0.859698691005696
S&P 500 price (no dividends),28,worst,1931-09-24,-0.07291667701469506,-0.6647834243384865
S&P 500 price (no dividends),29,worst,1933-06-15,-0.06972306373377057,-0.6942875208874426
S&P 500 price (no dividends),30,worst,1932-01-04,-0.06896551116650462,-0.7627118707485763
S&P 500 price (no dividends),31,worst,1997-10-27,-0.06865683637945208,-0.10795223920774999
S&P 500 price (no dividends),32,worst,1932-09-12,-0.06857147216796877,-0.7441933627621377
S&P 500 price (no dividends),33,worst,1935-05-16,-0.06822811579587751,-0.7128060438405213
S&P 500 price (no dividends),34,worst,1998-08-31,-0.06801408216529636,-0.1933599921661049
S&P 500 price (no dividends),35,worst,1988-01-08,-0.0676830464320255,-0.27725153120279056
S&P 500 price (no dividends),36,worst,2008-11-20,-0.06712293077105447,-0.5192537515864695
S&P 500 price (no dividends),37,worst,1962-05-28,-0.06675636689445807,-0.23595814335993748
S&P 500 price (no dividends),38,worst,2011-08-08,-0.06663446415643826,-0.2847586854451306
S&P 500 price (no dividends),39,worst,1940-05-21,-0.06639424117088999,-0.7131198942804446
S&P 500 price (no dividends),40,worst,1955-09-26,-0.06618453620580667,-0.06618453620580667
S&P 500 price (no dividends),41,worst,1933-10-16,-0.064974651628111,-0.710922791534581
S&P 500 price (no dividends),42,worst,1931-01-07,-0.06447607329753158,-0.5263653526834826
S&P 500 price (no dividends),43,worst,1939-01-23,-0.06431370155484084,-0.6255492756864659
S&P 500 price (no dividends),44,worst,1933-02-27,-0.06271184399634144,-0.8264281197781393
S&P 500 price (no dividends),45,worst,1929-11-11,-0.06232293086896945,-0.3766478270593977
S&P 500 price (no dividends),46,worst,1933-09-21,-0.061739932022377486,-0.6851851995975051
S&P 500 price (no dividends),47,worst,1989-10-13,-0.0611722891918024,-0.07267925176120693
S&P 500 price (no dividends),48,worst,2008-11-19,-0.06115557585198217,-0.48466280899059555
S&P 500 price (no dividends),49,worst,2008-10-22,-0.06101246975642627,-0.4270325430096721
S&P 500 price (no dividends),50,worst,2025-04-04,-0.05974960534553109,-0.1741607612487711
S&P 500 total return,1,best,2008-10-13,0.11581137462505198,-0.3449487605301189
S&P 500 total return,2,best,2008-10-28,0.10788779442653729,-0.38572064250000127
S&P 500 total return,3,best,2025-04-09,0.09516829523457071,-0.11014419926015595
S&P 500 total return,4,best,2020-03-24,0.0939356957314399,-0.27571024790954235
S&P 500 total return,5,best,2020-03-13,0.09320717715812266,-0.19801437814226275
S&P 500 total return,6,best,2009-03-23,0.07097181741365599,-0.4551722108123937
S&P 500 total return,7,best,2020-04-06,0.07034453192286882,-0.2111822526777235
S&P 500 total return,8,best,2008-11-13,0.06934763226161422,-0.4034319445158079
S&P 500 total return,9,best,2008-11-24,0.0647440267547934,-0.4419234792655119
S&P 500 total return,10,best,2009-03-10,0.06373275360044084,-0.5239821571011176
S&P 500 total return,11,best,2008-11-21,0.06347212719182815,-0.47585850992239376
S&P 500 total return,12,best,2020-03-26,0.06246150031593323,-0.22159102310201073
S&P 500 total return,13,best,2020-03-17,0.059986968372841565,-0.2517458266183883
S&P 500 total return,14,best,2002-07-24,0.05733738400795896,-0.43141466823487085
S&P 500 total return,15,best,2022-11-10,0.05551206906903827,-0.16386691308073953
S&P 500 total return,16,best,2008-09-30,0.05421016485700636,-0.23930645757497604
S&P 500 total return,17,best,2002-07-29,0.054181291439653556,-0.393909231175154
S&P 500 total return,18,best,2008-12-16,0.05136146973286815,-0.4005508810455116
S&P 500 total return,19,best,1997-10-28,0.051150374135106036,-0.06186476237223992
S&P 500 total return,20,best,1998-09-08,0.05096405887363176,-0.13563339625117232
S&P 500 total return,21,best,2001-01-03,0.0502279428275163,-0.11058629246188789
S&P 500 total return,22,best,2018-12-26,0.04961415347420717,-0.15362777622780432
S&P 500 total return,23,best,2020-03-10,0.04942461869156212,-0.1478784224416494
S&P 500 total return,24,best,2000-03-16,0.04777948976201918,-0.004635398735538976
S&P 500 total return,25,best,2008-10-20,0.04768307724673293,-0.35656694803520095
S&P 500 total return,26,best,2011-08-09,0.047434443648799895,-0.1852327164376858
S&P 500 total return,27,best,2002-10-15,0.04733761900857214,-0.4033270811246936
S&P 500 total return,28,best,2011-08-11,0.04647709922735466,-0.18466876549867395
S&P 500 total return,29,best,2020-03-02,0.04606164234748422,-0.08681226513350493
S&P 500 total return,30,best,2010-05-10,0.044004337315389774,-0.21399002397976274
S&P 500 total return,31,best,2009-01-21,0.04372870514977745,-0.4469500006734487
S&P 500 total return,32,best,2001-04-05,0.043689927132861905,-0.23772266474450132
S&P 500 total return,33,best,2008-09-18,0.043669401799823815,-0.21339339830699988
S&P 500 total return,34,best,2011-11-30,0.04346553176393342,-0.12666373009771992
S&P 500 total return,35,best,2008-10-16,0.042543923431575426,-0.3820223116052174
S&P 500 total return,36,best,2008-03-18,0.04243422820341114,-0.14166158254460848
S&P 500 total return,37,best,2020-03-04,0.042257415387186636,-0.07494697589412436
S&P 500 total return,38,best,1998-10-15,0.04173373063525099,-0.11384184579393475
S&P 500 total return,39,best,2009-03-12,0.04092224868894623,-0.5031242033974739
S&P 500 total return,40,best,2008-11-04,0.04083730730237112,-0.3428768830997797
S&P 500 total return,41,best,2002-08-14,0.040274686338487076,-0.3792370715489852
S&P 500 total return,42,best,2008-09-19,0.04024727728691824,-0.18173462429294118
S&P 500 total return,43,best,2009-02-24,0.04011447520008771,-0.4892747556004743
S&P 500 total return,44,best,2002-10-01,0.04002435444555741,-0.42639752261104824
S&P 500 total return,45,best,2008-12-02,0.04001865282906669,-0.4434927145320754
S&P 500 total return,46,best,2015-08-26,0.03911475023140998,-0.08595837099854742
S&P 500 total return,47,best,2002-10-11,0.0390572871123831,-0.4344401452228954
S&P 500 total return,48,best,2001-09-24,0.038986897648944474,-0.33159771928876025
S&P 500 total return,49,best,2001-04-18,0.038944071664496205,-0.1799635796593938
S&P 500 total return,50,best,2000-12-05,0.03893374858283316,-0.092314935338208
S&P 500 total return,1,worst,2020-03-16,-0.11979863134313173,-0.29409115799769003
S&P 500 total return,2,worst,2020-03-12,-0.09491443075782902,-0.2663919167247315
S&P 500 total return,3,worst,2008-10-15,-0.09025911220743676,-0.40724062122899896
S&P 500 total return,4,worst,2008-12-01,-0.08923406757390695,-0.46490643802002085
S&P 500 total return,5,worst,2008-09-29,-0.08785563771251748,-0.27842325203892837
S&P 500 total return,6,worst,2008-10-09,-0.07615642448044624,-0.4060064641099228
S&P 500 total return,7,worst,2020-03-09,-0.07586758529952864,-0.18801068473046856
S&P 500 total return,8,worst,1997-10-27,-0.06865148810579669,-0.10751566977306715
S&P 500 total return,9,worst,1998-08-31,-0.06799684585025134,-0.19185795842299136
S&P 500 total return,10,worst,1988-01-08,-0.06760839547118702,-0.06760839547118702
S&P 500 total return,11,worst,2008-11-20,-0.06708126028654549,-0.5071413000154146
S&P 500 total return,12,worst,2011-08-08,-0.06648720268470387,-0.22213052234178565
S&P 500 total return,13,worst,1989-10-13,-0.06116467459508501,-0.07265092703493314
S&P 500 total return,14,worst,2008-11-19,-0.06105368879206319,-0.4717024334445604
S&P 500 total return,15,worst,2008-10-22,-0.06081181612324493,-0.4143022547561692
S&P 500 total return,16,worst,2025-04-04,-0.05961646808421839,-0.17259507853425093
S&P 500 total return,17,worst,2020-06-11,-0.05882913364181286,-0.10762704070928253
S&P 500 total return,18,worst,2000-04-14,-0.058277134097098116,-0.11139002752618077
S&P 500 total return,19,worst,2008-10-07,-0.05738615691925064,-0.35002431898122677
S&P 500 total return,20,worst,2009-01-20,-0.052808079903743366,-0.47012092644593184
S&P 500 total return,21,worst,2008-11-05,-0.05210823324782343,-0.37711840774775307
S&P 500 total return,22,worst,2020-03-18,-0.0518259459209498,-0.2905248069431887
S&P 500 total return,23,worst,2008-11-12,-0.051465340807406945,-0.4421196274381961
S&P 500 total return,24,worst,2008-11-06,-0.04999308043165296,-0.4082581772886157
S&P 500 total return,25,worst,2009-02-10,-0.04909520125912881,-0.4547267369614094
S&P 500 total return,26,worst,2001-09-17,-0.048879373540349436,-0.30812420889840453
S&P 500 total return,27,worst,2020-03-11,-0.04879767153782166,-0.18945997129363223
S&P 500 total return,28,worst,2025-04-03,-0.04835036447045182,-0.1201409920693407
S&P 500 total return,29,worst,2011-08-04,-0.047774673578605875,-0.16625463245414185
S&P 500 total return,30,worst,2008-09-15,-0.047133121617438656,-0.2226617486619572
S&P 500 total return,31,worst,2008-09-17,-0.04710948240532298,-0.24630673244182022
S&P 500 total return,32,worst,2009-03-02,-0.04660838607586815,-0.5368139989534109
S&P 500 total return,33,worst,2009-02-17,-0.045376526061856604,-0.47926261855815133
S&P 500 total return,34,worst,2011-08-18,-0.044523491181688746,-0.20641756713410664
S&P 500 total return,35,worst,2020-04-01,-0.04413574166353296,-0.26861803223045977
S&P 500 total return,36,worst,2020-02-27,-0.04396486187760196,-0.11991633844414828
S&P 500 total return,37,worst,2011-08-10,-0.04375149468415929,-0.22088000291328924
S&P 500 total return,38,worst,1988-04-14,-0.04341320831936102,-0.04341320831936102
S&P 500 total return,39,worst,2022-09-13,-0.0432087952607364,-0.1709890182497994
S&P 500 total return,40,worst,2020-03-20,-0.043192998377345804,-0.3179249024230951
S&P 500 total return,41,worst,2001-03-12,-0.043173991363257946,-0.21924731296080424
S&P 500 total return,42,worst,2009-04-20,-0.04276142545179684,-0.4480983055531583
S&P 500 total return,43,worst,2009-03-05,-0.04245889950120885,-0.5486855528290583
S&P 500 total return,44,worst,2008-11-14,-0.04152566573109695,-0.42820483017369493
S&P 500 total return,45,worst,2002-09-03,-0.04152164389195179,-0.4069120962465793
S&P 500 total return,46,worst,2018-02-05,-0.040975814538587674,-0.07756227282529815
S&P 500 total return,47,worst,2022-05-18,-0.040164479229407246,-0.1773151360038555
S&P 500 total return,48,worst,2008-10-02,-0.04012388167862457,-0.27303710901937384
S&P 500 total return,49,worst,2015-08-24,-0.039385567362722806,-0.10831740889604324
S&P 500 total return,50,worst,2010-05-20,-0.038881195351136766,-0.2728736355804404
SPY ETF adjusted close (after fees),1,best,2008-10-13,0.14519823566498702,-0.33857279478929647
SPY ETF adjusted close (after fees),2,best,2008-10-28,0.1168558339208905,-0.38810651516611716
SPY ETF adjusted close (after fees),3,best,2025-04-09,0.10501934487618847,-0.10222971194041564
SPY ETF adjusted close (after fees),4,best,2020-03-24,0.09060318462805972,-0.2771184397007638
SPY ETF adjusted close (after fees),5,best,2020-03-13,0.08548626064148013,-0.20399612805933853
SPY ETF adjusted close (after fees),6,best,2009-03-23,0.07182901635941263,-0.4551908872844439
SPY ETF adjusted close (after fees),7,best,2008-11-24,0.06929103556270877,-0.4450800965058537
SPY ETF adjusted close (after fees),8,best,2020-04-06,0.06716643198924688,-0.21257477010848325
SPY ETF adjusted close (after fees),9,best,2008-11-13,0.06234017969774297,-0.40500918168772937
SPY ETF adjusted close (after fees),10,best,2008-10-20,0.0600792262006693,-0.3551497785446871
SPY ETF adjusted close (after fees),11,best,2002-07-24,0.05966250098200665,-0.43321204313010375
SPY ETF adjusted close (after fees),12,best,2009-03-10,0.05960987600609435,-0.5251831215337568
SPY ETF adjusted close (after fees),13,best,2020-03-26,0.05838972157240119,-0.22345592329446673
SPY ETF adjusted close (after fees),14,best,2000-01-07,0.05807678017796758,-0.007659266877728332
SPY ETF adjusted close (after fees),15,best,1997-10-28,0.05770633455801333,-0.06078964414362553
SPY ETF adjusted close (after fees),16,best,2022-11-10,0.0549541823677675,-0.16422133599758837
SPY ETF adjusted close (after fees),17,best,2020-03-17,0.053992280989771935,-0.25282263700467034
SPY ETF adjusted close (after fees),18,best,2008-11-21,0.05394302342361024,-0.4810394129956185
SPY ETF adjusted close (after fees),19,best,1998-10-15,0.05375992023805498,-0.10306365827504138
SPY ETF adjusted close (after fees),20,best,1998-09-08,0.05370834970789451,-0.1312598648350619
SPY ETF adjusted close (after fees),21,best,2020-03-10,0.05174525550129805,-0.1475437351629093
SPY ETF adjusted close (after fees),22,best,2018-12-26,0.05052477762676677,-0.15274033322403058
SPY ETF adjusted close (after fees),23,best,2002-07-29,0.04871551885257808,-0.3994268215333385
SPY ETF adjusted close (after fees),24,best,2002-10-15,0.048091708778179365,-0.4039251169428366
SPY ETF adjusted close (after fees),25,best,2002-10-01,0.04805026112155697,-0.423950844366923
SPY ETF adjusted close (after fees),26,best,2001-01-03,0.048035037277180725,-0.11388575279473545
SPY ETF adjusted close (after fees),27,best,2008-12-16,0.04706523644287941,-0.4003762908741012
SPY ETF adjusted close (after fees),28,best,2000-03-16,0.04671493350614431,-0.004464196008794219
SPY ETF adjusted close (after fees),29,best,2011-08-09,0.04649914921919951,-0.1861471894322324
SPY ETF adjusted close (after fees),30,best,2011-08-11,0.04488416380650828,-0.18718632510424993
SPY ETF adjusted close (after fees),31,best,2010-05-10,0.04404129368938081,-0.21485459723541478
SPY ETF adjusted close (after fees),32,best,2002-10-11,0.04378041154818879,-0.43443482914453335
SPY ETF adjusted close (after fees),33,best,2020-03-02,0.043307164667735876,-0.08645135229749668
SPY ETF adjusted close (after fees),34,best,2009-01-21,0.0431927062053048,-0.4470229483900089
SPY ETF adjusted close (after fees),35,best,1998-09-01,0.042318207632460636,-0.1560360349033777
SPY ETF adjusted close (after fees),36,best,2020-03-04,0.04203317089137237,-0.07530890858829409
SPY ETF adjusted close (after fees),37,best,2008-10-16,0.04165778633108208,-0.3880416683539485
SPY ETF adjusted close (after fees),38,best,2008-03-18,0.041542579924583434,-0.14149319167110308
SPY ETF adjusted close (after fees),39,best,2000-04-25,0.0415207064325549,-0.035205422976294254
SPY ETF adjusted close (after fees),40,best,2008-09-30,0.04139000662256809,-0.24302991624896242
SPY ETF adjusted close (after fees),41,best,2011-11-30,0.041149745230472545,-0.12964126398578446
SPY ETF adjusted close (after fees),42,best,1998-09-23,0.04009789921100326,-0.09433414687937258
SPY ETF adjusted close (after fees),43,best,2002-07-05,0.03978649475601759,-0.3356033457543802
SPY ETF adjusted close (after fees),44,best,2001-04-18,0.03974467987105501,-0.18389629747086322
SPY ETF adjusted close (after fees),45,best,2009-04-09,0.03974276557347234,-0.43140290352291344
SPY ETF adjusted close (after fees),46,best,2008-09-19,0.03971349675895208,-0.18997253047644957
SPY ETF adjusted close (after fees),47,best,2009-03-12,0.039372512224608025,-0.5032745915495911
SPY ETF adjusted close (after fees),48,best,2008-11-26,0.038641212801796776,-0.41936709373351455
SPY ETF adjusted close (after fees),49,best,2008-12-02,0.03848474100813437,-0.4435140804849659
SPY ETF adjusted close (after fees),50,best,2015-08-26,0.03839381744001247,-0.08528134302654089
SPY ETF adjusted close (after fees),1,worst,2020-03-16,-0.10942377857763974,-0.2910978794895174
SPY ETF adjusted close (after fees),2,worst,2008-10-15,-0.09844800004573395,-0.41251499323834007
SPY ETF adjusted close (after fees),3,worst,2020-03-12,-0.09567712488165903,-0.26668452581771585
SPY ETF adjusted close (after fees),4,worst,2008-12-01,-0.08857802512439528,-0.46413664299505075
SPY ETF adjusted close (after fees),5,worst,2008-09-29,-0.07836138331101405,-0.2731156637405807
SPY ETF adjusted close (after fees),6,worst,2020-03-09,-0.07809485973167629,-0.1894840881114498
SPY ETF adjusted close (after fees),7,worst,2008-11-20,-0.07423306656964979,-0.5076009087107964
SPY ETF adjusted close (after fees),8,worst,1997-10-27,-0.07247391149948257,-0.11203107595186623
SPY ETF adjusted close (after fees),9,worst,1998-08-31,-0.07134291633023393,-0.19030104346577947
SPY ETF adjusted close (after fees),10,worst,2008-10-09,-0.06983867979580194,-0.4080768498191292
SPY ETF adjusted close (after fees),11,worst,2011-08-08,-0.06512316374754024,-0.22230915221002423
SPY ETF adjusted close (after fees),12,worst,2008-11-19,-0.06407873967096278,-0.46811765088145796
SPY ETF adjusted close (after fees),13,worst,2025-04-04,-0.05854298617947307,-0.1731519325121199
SPY ETF adjusted close (after fees),14,worst,2020-06-11,-0.057648792816109906,-0.1062905842263655
SPY ETF adjusted close (after fees),15,worst,2000-04-14,-0.057192248990957095,-0.11436700229921493
SPY ETF adjusted close (after fees),16,worst,2008-11-06,-0.05541008673145931,-0.4070323332414211
SPY ETF adjusted close (after fees),17,worst,2008-10-22,-0.05445419543112162,-0.4084682762151344
SPY ETF adjusted close (after fees),18,worst,2009-01-20,-0.052786036181103335,-0.46991859862451635
SPY ETF adjusted close (after fees),19,worst,2001-09-17,-0.05224910786765058,-0.3115993023071433
SPY ETF adjusted close (after fees),20,worst,2008-10-06,-0.050933507946445356,-0.31657979148438564
SPY ETF adjusted close (after fees),21,worst,2008-10-24,-0.050713719654406186,-0.43196237974279417
SPY ETF adjusted close (after fees),22,worst,2020-03-18,-0.0506329214758362,-0.29065440975373513
SPY ETF adjusted close (after fees),23,worst,2008-11-14,-0.04990730809227195,-0.43470357176931285
SPY ETF adjusted close (after fees),24,worst,2025-04-03,-0.04928073526793275,-0.12173571883813605
SPY ETF adjusted close (after fees),25,worst,2020-03-11,-0.04874878162083751,-0.18909993945876746
SPY ETF adjusted close (after fees),26,worst,2008-09-15,-0.047585436215290544,-0.22078338950286014
SPY ETF adjusted close (after fees),27,worst,1998-08-27,-0.04707245968060292,-0.12493405981475458
SPY ETF adjusted close (after fees),28,worst,2011-08-04,-0.04684129468808118,-0.16688837607784546
SPY ETF adjusted close (after fees),29,worst,2009-02-10,-0.045809424818434974,-0.45320750614268324
SPY ETF adjusted close (after fees),30,worst,2009-03-02,-0.045042578337801564,-0.5355125288525198
SPY ETF adjusted close (after fees),31,worst,2020-04-01,-0.04500476844713264,-0.26819934621817676
SPY ETF adjusted close (after fees),32,worst,2008-09-17,-0.044962852480859405,-0.24336339442983823
SPY ETF adjusted close (after fees),33,worst,2020-02-27,-0.04491134614224268,-0.12067743486510352
SPY ETF adjusted close (after fees),34,worst,2008-10-07,-0.04478635826118904,-0.3471876937859024
SPY ETF adjusted close (after fees),35,worst,2011-08-10,-0.044178078040634006,-0.22210164241108454
SPY ETF adjusted close (after fees),36,worst,2008-11-12,-0.04400101455884886,-0.43992439551560836
SPY ETF adjusted close (after fees),37,worst,2025-04-10,-0.0438190778591766,-0.14156917809255398
SPY ETF adjusted close (after fees),38,worst,2022-09-13,-0.043482443542881666,-0.17099366490730816
SPY ETF adjusted close (after fees),39,worst,2011-08-18,-0.043118145497768046,-0.20672197915782065
SPY ETF adjusted close (after fees),40,worst,2020-03-20,-0.04309419951498161,-0.3197807639583351
SPY ETF adjusted close (after fees),41,worst,2001-03-12,-0.04280140097465068,-0.22494537382066115
SPY ETF adjusted close (after fees),42,worst,2009-02-17,-0.04277442966909739,-0.4788002318756436
SPY ETF adjusted close (after fees),43,worst,2015-08-24,-0.04210690908436654,-0.10861266808911263
SPY ETF adjusted close (after fees),44,worst,2008-11-05,-0.04202804993158171,-0.3722485721801243
SPY ETF adjusted close (after fees),45,worst,2009-04-20,-0.04191554231632788,-0.4471733033124786
SPY ETF adjusted close (after fees),46,worst,2018-02-05,-0.041822489261524876,-0.07903548694117579
SPY ETF adjusted close (after fees),47,worst,2009-03-05,-0.04084746902427183,-0.5473548329949687
SPY ETF adjusted close (after fees),48,worst,2022-05-18,-0.04031137164592191,-0.17716309244435535
SPY ETF adjusted close (after fees),49,worst,2000-01-04,-0.03910631685276256,-0.048510878627150866
SPY ETF adjusted close (after fees),50,worst,2007-02-27,-0.03905811479676058,-0.04478212578995411
