start,end,lump_sum,all_cash_tbill,dca_3m_tbill,dca_3m_zero,dca_6m_tbill,dca_6m_zero,dca_12m_tbill,dca_12m_zero
1988-01-04,1989-01-03,1.1157331698863178,1.0689702217982382,1.102811108073958,1.0979517043306934,1.1018015788992448,1.0890298699652476,1.0881534622389448,1.0585856058352847
1988-02-01,1989-02-01,1.208798058751863,1.0711639733745537,1.1891071011214667,1.1834445824006348,1.1764447714515023,1.1623823851187693,1.167125474599253,1.1341710585370566
1988-03-01,1989-03-01,1.112566754369969,1.0732896456917367,1.141366434535363,1.135565755854554,1.1266340304218765,1.1125090135034295,1.1165933139428368,1.0839037503073592
1988-04-04,1989-04-03,1.2004565885951581,1.076089681236941,1.178467153017565,1.1729750101636516,1.169312227306448,1.1545795257599598,1.1459887237950561,1.1119452947634276
1988-05-02,1989-05-01,1.2261567049372717,1.0782902618028927,1.2038324548659063,1.1976730133565363,1.2072234268078255,1.1908247948362733,1.1811428274661981,1.144316488216074
1988-06-01,1989-06-01,1.252075972378186,1.080395965601556,1.2396072232654254,1.2329342380286203,1.246786636092773,1.2292055080895257,1.2171323588000822,1.1780437116142832
1988-07-01,1989-07-03,1.2179080411827496,1.0823413108777877,1.2423031752339,1.2350018059759542,1.2317753130405498,1.2136495323901875,1.1892028121742362,1.1500116055519578
1988-08-01,1989-08-01,1.3096557323735063,1.082910532659695,1.3369835942392887,1.328854912296961,1.3226664957603427,1.3025803879548226,1.2635357949268486,1.2210741886093086
1988-09-01,1989-09-01,1.41884081600672,1.0836516096123205,1.3655971098721151,1.357434523794917,1.3434657699840926,1.322881137979385,1.2780574922556636,1.2347318400154756
1988-10-03,1989-10-02,1.338600455910251,1.0839075131939384,1.328939060716558,1.3210069258439043,1.3081645697003819,1.2877854595298883,1.235012285581518,1.1928359770856563
1988-11-01,1989-11-01,1.2660776926075095,1.0843717873659502,1.2857031677570883,1.2771479888631398,1.2535527114276348,1.232955431687908,1.1758053774133777,1.1347548833876455
1988-12-01,1989-12-01,1.3318672557387008,1.0842944131676413,1.2962383691767974,1.2874363321894626,1.2686287054050764,1.247359423412581,1.1897833250130814,1.147761524272962
1989-01-03,1990-01-02,1.3518642111438253,1.083634578845989,1.305128608925562,1.296775719273873,1.2649342920656543,1.2441473967586327,1.1936030492866163,1.151843094056381
1989-02-01,1990-02-01,1.145114321860768,1.08332646827873,1.1631082626893823,1.155027701083258,1.1270702398008485,1.1079594531401156,1.0657632441290816,1.0281055581523812
1989-03-01,1990-03-01,1.1991193402575195,1.0826827802940058,1.1641186541839315,1.1556502319215127,1.115902149668792,1.0967868223621502,1.0709680046531507,1.0326168381120735
1989-04-03,1990-04-02,1.1821669556823682,1.0815559181836594,1.1389875484467766,1.1315358199120054,1.0953982319123103,1.0776973168493325,1.0741599411789657,1.036544177187008
1989-05-01,1990-05-01,1.112215072902845,1.081081122194337,1.0889101009961404,1.0812883997520257,1.043617066148225,1.026502316078649,1.0407731912217293,1.003984401284749
1989-06-01,1990-06-01,1.167103912870763,1.0804688008683705,1.1509123221444304,1.1432576875540426,1.1233302135969083,1.1051606317531595,1.132232281317959,1.0924740289066788
1989-07-03,1990-07-02,1.164951495342311,1.0798478465541927,1.103470747651026,1.0967004166806742,1.0949571223684396,1.077784923601835,1.1082243529147955,1.0700225052147638
1989-08-01,1990-08-01,1.069961824712469,1.0798514985693535,1.0561227069526558,1.049188253540365,1.0605431200621191,1.043538003668792,1.084298108245864,1.046622951485182
1989-09-01,1990-09-04,0.9455532718038708,1.080089684511586,0.9638673940414456,0.9575921485197211,0.9728975054526247,0.9572930267271893,0.9840242345236011,0.9501426030397483
1989-10-02,1990-10-01,0.9296287138236322,1.078851453906787,0.9420679647547002,0.9361913968091642,0.9578447515862439,0.942679139481953,0.9664173147087437,0.933131505701851
1989-11-01,1990-11-01,0.9322546001468828,1.0786470563917332,0.9106098261215756,0.9049052322111653,0.938875981699003,0.9239365513492991,0.9504930453560232,0.917501395684987
1989-12-01,1990-12-03,0.9586706714216834,1.078523357991692,0.9760622033743647,0.9695986678907013,0.9977950838940878,0.9817736803171261,1.0148809551098472,0.9793218166049297
1990-01-02,1991-01-02,0.9411642816313439,1.0772986025907059,0.9995363750684746,0.9932773570186845,0.9983424557183165,0.982836004555808,1.0278208647667917,0.9921568084012087
1990-02-01,1991-02-01,1.0819950254482853,1.0760777743352654,1.069944655097942,1.0633709482284566,1.0481638454787754,1.0320698061676803,1.087373943662367,1.0498426937925778
1990-03-01,1991-03-01,1.1542870508290966,1.074627711240522,1.1532097851746697,1.1455811248323142,1.1189126016319635,1.1011660465324968,1.1715144582156474,1.1308812536146284
1990-04-02,1991-04-01,1.1363983116469514,1.0726288070658463,1.1218478475668736,1.1150003717119683,1.1261147336154635,1.1082474727719764,1.1619672829014134,1.1229280234854142
1990-05-01,1991-05-01,1.186168395767464,1.0710375035075235,1.125346000126358,1.1182154217900102,1.1670041280455075,1.147967594599611,1.1795053051009625,1.1405014824336954
1990-06-01,1991-06-03,1.1071879632765491,1.0693419026533058,1.1237537152071055,1.116500722119164,1.20940087867041,1.189556263108303,1.191618751924533,1.1533759157326642
1990-07-02,1991-07-01,1.0888979752164416,1.0669535688138858,1.138130563756304,1.1305425378101217,1.1976751422562468,1.1786320361305418,1.152052133001843,1.116640498949608
1990-08-01,1991-08-01,1.1276142368633557,1.0653756550788835,1.2169038507572145,1.208843636186302,1.243630906684474,1.2244324948657552,1.1729061616866021,1.1381735743723151
1990-09-04,1991-09-03,1.2563041918467601,1.0631951523814853,1.2930588950613722,1.2856820462808585,1.2663404499388922,1.248622997987982,1.179516924370055,1.1468070776634052
1990-10-01,1991-10-01,1.278663985548393,1.061710888037971,1.2813165448998325,1.2736129533924732,1.2291467797069289,1.212240754890361,1.1511629330821294,1.1196243010436027
1990-11-01,1991-11-01,1.3178134791917966,1.0598095786066468,1.2708719001370639,1.2635000704825692,1.200620032831169,1.1849983296015882,1.134157553250094,1.1041054264427894
1990-12-03,1991-12-02,1.2157500372992622,1.0573969139184562,1.1941724388414323,1.1878966659889012,1.129062151304626,1.1153861808431114,1.0822537495381603,1.054656465713722
1991-01-02,1992-01-02,1.320272928446423,1.0552355946787522,1.2494222973997182,1.243543461945375,1.1970440128094146,1.183135952480586,1.165636725721639,1.1365622835135691
1991-02-01,1992-02-03,1.2325702981692164,1.053400890901764,1.172423136247618,1.1670668350113853,1.1436501981948528,1.130504408113677,1.1183813785454295,1.0909987339806697
1991-03-01,1992-03-02,1.1487997402784431,1.0517345035599857,1.1413076096729042,1.1357806513566138,1.129163469150688,1.1158526681567682,1.110035504031967,1.082932048284418
1991-04-01,1992-04-01,1.1233863191262632,1.0499677186426206,1.1005374743566405,1.0953996248860103,1.0953164917231517,1.082696838503998,1.0768820015240128,1.051441895538428
1991-05-01,1992-05-01,1.1189457571616106,1.048327635915695,1.114910440546505,1.109643322578516,1.107451271319746,1.0947138436771164,1.0892187436459126,1.0640440626445817
1991-06-03,1992-06-01,1.1087184705763435,1.0463942643929833,1.1224692675078416,1.1174909561294828,1.116147743175998,1.1037725947080457,1.0950833004104534,1.070854368256646
1991-07-01,1992-07-01,1.1267622094032497,1.0450698905863056,1.10672221518266,1.1015115397466377,1.1071364456420834,1.0947816565843744,1.0760943159943217,1.0528595612943872
1991-08-01,1992-08-03,1.132516054599964,1.043154259968432,1.1268811531590133,1.121761504101643,1.1198667690365662,1.10804914492297,1.0975644633337305,1.0749522206606545
1991-09-03,1992-09-01,1.0937296869663236,1.0407099788428338,1.099460729929936,1.0949658072109647,1.085991573844096,1.075498441847021,1.0656004270379322,1.0450305221343572
1991-10-01,1992-10-01,1.1026392057018009,1.0390345497067297,1.110067180083117,1.1054578729413358,1.0770331219421523,1.0670384975761495,1.060031229077291,1.0402576612691734
1991-11-01,1992-11-02,1.1137745370670504,1.0372356704137782,1.1006292992123123,1.096604496399439,1.0851154291439489,1.0757718365084599,1.068305345614336,1.0494451393422344
1991-12-02,1992-12-01,1.1639362940085156,1.035811831420114,1.105549785824209,1.1018645987683429,1.0967523523488296,1.0878640317666162,1.0818925738877498,1.0636412873587542
1992-01-02,1993-01-04,1.0753584610246756,1.035344493578924,1.0874719034745588,1.08395103355657,1.0910422535547313,1.0823606582547156,1.0813134598169827,1.0635421250712378
1992-02-03,1993-02-01,1.113106422679592,1.0342544749282723,1.115475541562278,1.1120196790431296,1.109062179277097,1.1005036318780936,1.0931610035276627,1.075764402780329
1992-03-02,1993-03-01,1.1036587993171223,1.0335216361173627,1.1125746739957696,1.1089618505029861,1.1017763680578143,1.0931957144719742,1.085513889650626,1.0684510686314084
1992-04-01,1993-04-01,1.1472360360863059,1.0326876827871803,1.1283909873463096,1.1249436827436912,1.1199886556780765,1.1116454091928574,1.0986170222333298,1.0820136032803107
1992-05-01,1993-05-03,1.104713082469854,1.032115415618826,1.0996629574592274,1.0962884834941902,1.0936232261337,1.0857076266894559,1.0684479860866194,1.0527343923320431
1992-06-01,1993-06-01,1.1196609386873837,1.031359867654352,1.117872460444824,1.1145611450500852,1.1180784498097143,1.110383512331976,1.0904628019433782,1.0749207149426219
1992-07-01,1993-07-01,1.1195351880742663,1.0308685791519898,1.1064526967066668,1.1033982166735974,1.0995508316715588,1.0924245323417923,1.0706299056566027,1.0558688915697594
1992-08-03,1993-08-02,1.0899306172514174,1.030625564639886,1.1047118455097495,1.1019769956237166,1.0912625407608032,1.0844958498946535,1.0644506491906354,1.0501528261796602
1992-09-01,1993-09-01,1.145361816405609,1.030629368075662,1.1394593287392079,1.136696669437472,1.1163557615456379,1.1094353151471272,1.0909080623464316,1.0762431128075975
1992-10-01,1993-10-01,1.1400563371714332,1.0306672471361351,1.1216832294475703,1.1188915293270822,1.100763112923106,1.0938233348419752,1.0769044435447743,1.062302754354561
1992-11-02,1993-11-01,1.1413628444432462,1.0307178853746055,1.1226464096539872,1.1196809944642931,1.1037831097295254,1.096819646442729,1.084648534621778,1.0699223286606658
1992-12-01,1993-12-01,1.1023909589086232,1.0307795008474387,1.0897680662011362,1.0867797892807243,1.0795209631874378,1.072654873226398,1.059691157100828,1.0452804167273884
1993-01-04,1994-01-03,1.0990309604378634,1.030554582182137,1.0881963791331948,1.0857176565750155,1.0776621650859344,1.071340577984637,1.0608932848333352,1.046938379316284
1993-02-01,1994-02-01,1.1147362757803567,1.0306251754571083,1.1082407183414198,1.1056581559748564,1.104033185391266,1.097412132770707,1.0864829640187992,1.0719655866731668
1993-03-01,1994-03-01,1.0803315322623592,1.0308920420032077,1.0739644947250937,1.0712531257205862,1.0667238161190895,1.0600807024882972,1.0458622795638892,1.0316540985293423
1993-04-01,1994-04-04,1.0023831540295258,1.0316715604364757,1.005901308519167,1.0034164318557643,1.0003058022548823,0.9940925114998467,0.9843356903932055,0.9709281371307834
1993-05-03,1994-05-02,1.0527670330007877,1.0319986197395854,1.038019498558696,1.0355145017537541,1.0272526587421345,1.0209165501057638,1.0173140933848657,1.0033113900136161
1993-06-01,1994-06-01,1.0367328000477334,1.0330967172974586,1.0439733676227045,1.0412674798781694,1.0291336563015252,1.0226367547093356,1.0272868438751417,1.0128268403938538
1993-07-01,1994-07-01,1.02207349173108,1.0339995031463365,1.01134732422665,1.0087306332688353,1.0006791268824309,0.9943537680497533,1.0012784710879785,0.9869999454837711
1993-08-02,1994-08-01,1.053142552888498,1.0350453798436683,1.0343558261384997,1.0318183245875883,1.0265986472168975,1.0201803107793292,1.0341581652737724,1.0192276514507568
1993-09-01,1994-09-01,1.0505185968943453,1.0364222276862234,1.0479848391931255,1.0453984504462301,1.043543886043654,1.03697849173896,1.0606005302733712,1.0448763799206813
1993-10-01,1994-10-03,1.029700518378991,1.03811812619638,1.0241019441775425,1.0214705430732163,1.018465358227733,1.011931530347889,1.034126965222552,1.018292468991142
1993-11-01,1994-11-01,1.0272476041803107,1.0395409786929666,1.03503531254556,1.0323001604961097,1.041378461869086,1.0344919530800254,1.048612282431468,1.0320048587657353
1993-12-01,1994-12-01,0.9997328530049201,1.0413930649560672,0.985574027153023,0.9830004215968625,1.0049214445340238,0.9981101810118446,1.0065139705106665,0.9899717418102009
1994-01-03,1995-01-03,1.0148475477125753,1.0437633025601998,1.0060511052955776,1.0036132249563912,1.0294422154211966,1.0223692780161824,1.0324566895334055,1.01483956323178
1994-02-01,1995-02-01,1.009192346614852,1.0460251250358883,1.0515265488042778,1.0485244360509975,1.0621183947221808,1.0541665301644694,1.0595493146172077,1.0402491377888945
1994-03-01,1995-03-01,1.0762057189594951,1.048014189220452,1.1073345780644699,1.1038346139135409,1.105035411070795,1.0961253815358152,1.0976118788266518,1.0764233262967533
1994-04-04,1995-04-03,1.1763843134534016,1.0500151689815989,1.149149305740065,1.1457045825444345,1.1381583498666596,1.1289512402135835,1.130386164985654,1.1080198155250747
1994-05-02,1995-05-01,1.1680504804747063,1.051584526050046,1.1702358210080355,1.1662111230248262,1.156021529849259,1.1458185313740892,1.145969318929975,1.1220123125294752
1994-06-01,1995-06-01,1.1991173653722016,1.0530426740919319,1.2081076156320207,1.2038882212445763,1.1940026148220504,1.183121175647637,1.178673529594411,1.1533206280716322
1994-07-01,1995-07-03,1.2604131757230874,1.054506141874477,1.2251153239699848,1.2206377607362817,1.2284101592477261,1.2165709669732054,1.194395460645066,1.167895800398976
1994-08-01,1995-08-01,1.2478529807299679,1.055175601634281,1.2376075967132563,1.2327825163097708,1.249821529994328,1.2371063548170398,1.2013689258160736,1.1740135125702176
1994-09-01,1995-09-01,1.224512744757517,1.0559891111321584,1.240913102497479,1.235906485917899,1.2561241222776396,1.2427929653005196,1.1930374587817065,1.1653309220467316
1994-10-03,1995-10-02,1.2937093610846042,1.056437758568182,1.3025885192572424,1.2972301545727174,1.2903857093245408,1.2764487495800714,1.2138868008707198,1.185371443897821
1994-11-01,1995-11-01,1.2808829665106176,1.0568705249626331,1.3103397611914465,1.3043081608401257,1.2783482338725853,1.2638958926586126,1.1963832623638722,1.1677019408500298
1994-12-01,1995-12-01,1.3877955124923507,1.0569353608638068,1.3601128312957638,1.3535848604046274,1.3089415486611162,1.2939421167418985,1.221417565431195,1.1919325765214754
1995-01-03,1996-01-02,1.386954308476115,1.0563583011130946,1.3537772114342965,1.347809746660303,1.2997363344810793,1.2852970011745366,1.216898167730846,1.1879982636062862
1995-02-01,1996-02-01,1.392194961150993,1.0559195282430947,1.3511600624348625,1.3449961315192154,1.2977008621257746,1.2831098222949968,1.2196742515102452,1.1906178108143155
1995-03-01,1996-03-01,1.3597867900861282,1.0553115713007037,1.3239118595041608,1.31754703393493,1.2724249226436208,1.2577925959812204,1.1999585467599434,1.1711716923101503
1995-04-03,1996-04-01,1.3345333229123288,1.054284198119077,1.3004762801762881,1.294752456424188,1.2576313409955,1.2437267378652062,1.187472203261879,1.1597130349878018
1995-05-01,1996-05-01,1.3039310321059283,1.0540018750069875,1.264585486324546,1.258633976079931,1.2278805795697305,1.2140108866368307,1.1622101689276199,1.13490184330577
1995-06-01,1996-06-03,1.2812883087994624,1.0537086573210719,1.2543675657606888,1.2486418441205507,1.2261998432975807,1.212575209625321,1.161812672901987,1.1348951415333752
1995-07-03,1996-07-01,1.264559401927839,1.0527647480611761,1.245789736613858,1.2403553772552327,1.214147400194294,1.2010375155147839,1.1532959093362305,1.1270203676984625
1995-08-01,1996-08-01,1.1893672378855353,1.052825774843952,1.1736721145061224,1.1683943636850485,1.143263947993971,1.1308038651991599,1.0893235207416512,1.064494437572427
1995-09-01,1996-09-03,1.1880751424590563,1.052801801773885,1.1650621321998718,1.159950058817456,1.1264848870018633,1.114451884316612,1.082956696712696,1.0584483257014317
1995-10-02,1996-10-01,1.2119813735466345,1.052188041004538,1.1963698555359146,1.1912196276587554,1.1592634855767157,1.147085912682554,1.1251254129954462,1.099707486780231
1995-11-01,1996-11-01,1.2324834709543453,1.0520636499153582,1.1954167422906574,1.1902219992457823,1.1605819221315516,1.1485043163774635,1.1323014620325604,1.106797677466995
1995-12-01,1996-12-02,1.2744657240391635,1.0519227498570638,1.2473897636133178,1.242024066300606,1.223674250046378,1.21109623251375,1.198121692599551,1.1712771506529387
1996-01-02,1997-01-02,1.2140137097038117,1.0515743059186387,1.190606297809706,1.1858734034332545,1.1726713381668445,1.1609187928871727,1.1459473672625713,1.120706805637733
1996-02-01,1997-02-03,1.2593821977303057,1.0518746689151708,1.2481669912634263,1.2432636215623447,1.2331428023607958,1.2207687524225823,1.205183275179008,1.1786012411527675
1996-03-01,1997-03-03,1.2610075915639245,1.0518756209015347,1.2516454643683173,1.2464622837784873,1.2431392808118191,1.2301745155055477,1.1984058231047283,1.1717223146838152
1996-04-01,1997-04-01,1.187091815663721,1.0517524781923848,1.181102732592631,1.1761487816304854,1.1839654939744708,1.1714690725238914,1.125045932903047,1.1001364205810593
1996-05-01,1997-05-01,1.2461858158238985,1.051930280998581,1.2272914981669565,1.222040618363829,1.2332960396071007,1.220156670954023,1.167607924185617,1.1416193645634032
1996-06-03,1997-06-02,1.2940137273649477,1.0518096403148658,1.303618333441931,1.298274677569916,1.29141557744483,1.2780917773283689,1.2173500520167186,1.1906971107289823
1996-07-01,1997-07-01,1.3454042637464338,1.0518307441122003,1.3814257785976318,1.3752304937802802,1.3324817984188035,1.3185704715369537,1.2572163893523782,1.229491547433174
1996-08-01,1997-08-01,1.4863421434276043,1.0517436683085482,1.4580368056927533,1.451815418931753,1.3954330172602247,1.3811490420510804,1.3062619556568247,1.2778938511788651
1996-09-03,1997-09-02,1.4444144651526918,1.0516687968398981,1.389793583876622,1.3843513284773816,1.3234347472907844,1.3103463602816465,1.2399855951836891,1.213622576322874
1996-10-01,1997-10-01,1.412985876701925,1.0516978821657372,1.3645646483578293,1.3589518266097125,1.3192703794632443,1.305843416551604,1.2406038567409226,1.213827091090717
1996-11-01,1997-11-03,1.3590914486626005,1.0519834689966368,1.3100845864424542,1.3046205305561835,1.2742852407182175,1.2612076618629213,1.185925797414041,1.1603799755356348
1996-12-02,1997-12-01,1.3120039741078173,1.0516314936412485,1.310321134354385,1.3048267250631886,1.2947265868565052,1.2814632439330367,1.2013557178218417,1.1754407681247645
1997-01-02,1998-01-02,1.3467210727020962,1.052003616278559,1.2890478004848422,1.2837506806170385,1.2714305711402056,1.25851679147389,1.1767415488244501,1.151399160727358
1997-02-03,1998-02-02,1.2952230038522774,1.05187092876801,1.3088708884530056,1.303674895838836,1.2643100366162587,1.2518503305599322,1.1789977366013313,1.1537112204525595
1997-03-03,1998-03-02,1.3403477766554937,1.0519402434812233,1.363114070695433,1.3574773398504922,1.2846723816090178,1.271878902255041,1.209700287957458,1.183329006250906
1997-04-01,1998-04-01,1.4837590083169698,1.0519795423728695,1.4126996845547186,1.4068443431052116,1.3246690988228405,1.3113674955131003,1.2505112130042766,1.223135937324133
1997-05-01,1998-05-01,1.4272200856768007,1.0517951622060526,1.3541043160759896,1.3485483378144971,1.2877101374010735,1.2746575751192175,1.2245166657798718,1.1976248584253697
1997-06-02,1998-06-01,1.310041132307253,1.0516093835591398,1.244908967941021,1.2400615121535086,1.218590718251886,1.2062045615201018,1.1581108680754728,1.1328286395554847
1997-07-01,1998-07-01,1.3096646201701079,1.0517910928203196,1.2704186382801137,1.264952672999074,1.2524759451869254,1.2393121108731515,1.1932186404725331,1.166738719602704
1997-08-01,1998-08-03,1.193025584244366,1.0519931055751384,1.2013117494825496,1.1961464839170333,1.194267758071309,1.1816518692326972,1.131116790312954,1.1061330227899127
1997-09-02,1998-09-01,1.0887041939644788,1.051350227334847,1.0766291566075699,1.0722066754902453,1.057522674182101,1.0466571772106699,0.9973780656948387,0.9756437912579431
1997-10-01,1998-10-01,1.0485665405938351,1.0512084508468367,1.0509426084111335,1.0464358175316597,1.0287695041133478,1.0180062771577194,0.9840333411097612,0.9620702803531183
1997-11-03,1998-11-02,1.2022012718320914,1.05012266907791,1.1756710594919386,1.1708728285042245,1.1311860438332328,1.119833920828721,1.105259380220269,1.0806672361631304
1997-12-01,1998-12-01,1.2241676216732764,1.0496789418667187,1.217121938596712,1.2117609937293168,1.1617418432958793,1.1498709699126706,1.1522680898779418,1.1263617417486507
1998-01-02,1999-01-04,1.2785201753119104,1.0492265822815785,1.2415049847132187,1.2364670308369667,1.1906045819478053,1.1787655571689712,1.184885048157455,1.1588330756063894
1998-02-02,1999-02-01,1.2903782303262268,1.0482290191835453,1.2328269763124855,1.2280879018144686,1.1997828536059327,1.1879864858821543,1.204125553561824,1.1780187194259362
1998-03-02,1999-03-01,1.1971431275801643,1.0477138726910367,1.1526346665997798,1.1480055456654334,1.1444714107303071,1.132763647925789,1.1466539564687936,1.1218552819087722
1998-04-01,1999-04-01,1.1844630324638,1.0473527637811153,1.189687684067496,1.1847526859886326,1.2093080318777611,1.1965280629530672,1.1835171034973566,1.1582722358699373
1998-05-01,1999-05-03,1.2257634749851536,1.047056684338008,1.2304844587446533,1.225360857400779,1.2913676729934027,1.2774977223781756,1.2231488564574924,1.1975528110103
1998-06-01,1999-06-01,1.2030270274940238,1.0463705835885275,1.1788791020269151,1.173927136982135,1.2351956412127552,1.2224336361797796,1.1511452494723715,1.127809782674482
1998-07-01,1999-07-01,1.219128728347627,1.046035899238695,1.2996802596329078,1.2938496882387789,1.3017438766174874,1.2888159322494297,1.2105923725180248,1.1865191500805747
1998-08-03,1999-08-02,1.2102788383008412,1.0455399089398658,1.3130522452530877,1.307786226759368,1.2375492620048012,1.2263991462133044,1.1461061479058268,1.1244027112356243
1998-09-01,1999-09-01,1.3573522855962583,1.0455486291157108,1.3161741645577532,1.3114882163482084,1.214636218388964,1.2042530735561552,1.1322763883006142,1.1111004209715472
1998-10-01,1999-10-01,1.3178244359837938,1.0456118515187922,1.200434080492597,1.196494640881168,1.127302954762957,1.1177678525454229,1.063166227860208,1.0431292843793012
1998-11-02,1999-11-01,1.2340487104540372,1.0463108027116363,1.1754289762958188,1.1712167640131856,1.134366460780982,1.1244007720527753,1.0952551519041387,1.0738895829787911
1998-12-01,1999-12-01,1.2047941187163587,1.047008460838565,1.159864714355635,1.1555251778823465,1.1331612378889881,1.1230095973046363,1.1120618798900563,1.08991061497144
1999-01-04,2000-01-03,1.1999316531509345,1.0476581880537519,1.1861046629363219,1.1821286115549532,1.1596785087042696,1.1496609914835547,1.140334400924374,1.1178577946227255
1999-02-01,2000-02-01,1.121001106158802,1.0486126611035862,1.1287312784480292,1.124760928568645,1.101377847806288,1.0915898694977424,1.0891588204093525,1.0671672034793909
1999-03-01,2000-03-01,1.1299276388513004,1.0496665064568256,1.0831309066750097,1.0791548740479497,1.0709636282161532,1.061088654104437,1.0578827844585368,1.0359828655632972
1999-04-01,2000-04-03,1.178448430311977,1.0510965367725111,1.1638521930911878,1.1595238494629445,1.1544127619914109,1.1436122918674438,1.1443977531785874,1.120289907953009
1999-05-03,2000-05-01,1.0972976294258936,1.0516773261487105,1.1099950895359114,1.1059654129902083,1.126885054425674,1.1161665736728568,1.1020093574960816,1.0785174741058277
1999-06-01,2000-06-01,1.1333012195015846,1.0530819005620848,1.1031573873618497,1.0989388612518731,1.112707415862898,1.1018892758055447,1.0813368383674096,1.0577643833320864
1999-07-01,2000-07-03,1.0770224451236365,1.0543599737891998,1.1080666543210056,1.1036105631822972,1.1141497464269188,1.103125641122963,1.086693969341943,1.0623966704299297
1999-08-02,2000-08-01,1.0958360795632398,1.0551137325446736,1.11074936011053,1.106383807198642,1.0808708183606972,1.0702556491436825,1.0580625412565012,1.0340909313776292
1999-09-01,2000-09-01,1.1559917038759633,1.0564505873983496,1.167502976426131,1.162914878342012,1.1324642849586912,1.1210549215440828,1.112455764101748,1.08656004471693
1999-10-01,2000-10-02,1.1325002240560442,1.0577503733596019,1.084982611775507,1.0806050303063268,1.0632725568712142,1.0520798779119274,1.0394909178958998,1.0145972327398498
1999-11-01,2000-11-01,1.0617905524120685,1.0586671888824313,1.0293087389920086,1.0249308418397505,1.0244510171078476,1.0133090031377814,1.019064103972768,0.9938772285427179
1999-12-01,2000-12-01,0.9517666331275968,1.0595975747949904,0.9401966855310057,0.9359256613230497,0.935803094311369,0.9252809612667353,0.9400579507409986,0.9161359095640127
2000-01-03,2001-01-02,0.89198895086574,1.0599228555717237,0.9212319821968166,0.9172004580476426,0.9073853868731744,0.8972135360864227,0.9223903470323541,0.8985452722660682
2000-02-01,2001-02-01,0.9860171911622463,1.0598944533612251,0.975366550944993,0.970926851288819,0.9699158365631435,0.9586792166497555,0.9988556611500913,0.9722126584892643
2000-03-01,2001-03-01,0.9102871060661212,1.0591783885618478,0.8698283151136806,0.8656788768242443,0.8740514162555238,0.8635599490714458,0.9052892021406049,0.8806808377272355
2000-04-03,2001-04-02,0.7696742531897057,1.0578406473077413,0.7892400244375722,0.7856165411764303,0.7935033791175993,0.7841470482830925,0.8435882065790469,0.8206517863662263
2000-05-01,2001-05-01,0.8726052943737532,1.056502433474101,0.8795476503475065,0.8751985241652589,0.8843280633284402,0.8734323826675916,0.9555338985959009,0.9289888798665702
2000-06-01,2001-06-01,0.8804163009340211,1.0545533550568351,0.8821738891305241,0.8778394908430989,0.8857938754576495,0.8747840993707637,0.9632147626476723,0.9368167547336411
2000-07-03,2001-07-02,0.8514688710131594,1.0524294982589995,0.8514554857027927,0.8473575072694653,0.8836992576349217,0.8725006862678836,0.9550159657261491,0.9294231308449824
2000-08-01,2001-08-01,0.8557870195132403,1.050505298732329,0.8440366434006409,0.8396990992353031,0.889787095175321,0.8781240687995079,0.9519327359032755,0.9269573331653151
2000-09-01,2001-09-04,0.7541351465780359,1.048376690668721,0.7900297788611225,0.7859431164276888,0.8355718145149263,0.8248590958977595,0.8987666340488478,0.8761927472986649
2000-10-02,2001-10-01,0.7322498414201891,1.0451201957150396,0.7604649027510653,0.7565324079212008,0.7919092065518357,0.7821092215719734,0.8429486910098603,0.8228399349051122
2000-11-01,2001-11-01,0.7726323812765814,1.0418161130754853,0.8244311462545437,0.8201313158648579,0.8589345824885148,0.8486661639091485,0.9035639193077589,0.8831612336361557
2000-12-01,2001-12-03,0.8702270489984656,1.0382670213016103,0.868494933664936,0.8644213988073414,0.9111156972855365,0.9012278932529929,0.9615044382382297,0.9414592584401401
2001-01-02,2002-01-02,0.9118912026269732,1.0345076102808601,0.9050293882813168,0.9013210395983005,0.9366454089962349,0.9276614413179751,0.9931991591335501,0.9744308595332933
2001-02-01,2002-02-01,0.8280026086961515,1.0315598940130395,0.914873292202583,0.9111970949973104,0.9150845249347594,0.9069796037867923,0.9719193239920725,0.9549758965860667
2001-03-01,2002-03-01,0.9243754644404601,1.0290727793435661,0.946474544729786,0.9430679730476449,0.9409650301432241,0.9332013469932273,0.9951096185604471,0.9790751409601087
2001-04-02,2002-04-01,1.014299466865904,1.0266499755539116,0.9531593225234336,0.9503229221298124,0.9673440899999427,0.959968093584742,1.013818000470015,0.9990552574476154
2001-05-01,2002-05-01,0.8697262077534438,1.024951731131473,0.8795838868725885,0.8768827539207645,0.9330591967728036,0.9258944036179305,0.959604527846243,0.9464520599183232
2001-06-01,2002-06-03,0.8369437735503549,1.0234047558029924,0.8544673713746641,0.8519156682485781,0.9172496702515609,0.9106181839598069,0.9302298219333297,0.9184907574463358
2001-07-02,2002-07-01,0.7946036058303408,1.0217005763900562,0.824898797519667,0.8223689118676859,0.8684754622323334,0.8627819508074768,0.8788361337510485,0.8687010030936175
2001-08-01,2002-08-01,0.7382880215890772,1.0202108732600739,0.7995292399635264,0.7972224004009894,0.801215744566956,0.7966614850858483,0.8186094938526839,0.8100656310589472
2001-09-04,2002-09-03,0.7864477692687004,1.0185135315313845,0.8228195732078328,0.8212036204382208,0.8046693030486617,0.8011669687489303,0.8344308257575254,0.8268899295211704
2001-10-01,2002-10-01,0.8288666732302614,1.0177786207896633,0.795410450054083,0.7940340675788261,0.7771317954859457,0.7740743735649139,0.8240833656519606,0.8169344708459533
2001-11-01,2002-11-01,0.8440418357551652,1.0172840149828661,0.8156449870405632,0.8143925180932875,0.8119017630409734,0.8089345861690078,0.8920152814268484,0.8844788754786032
2001-12-03,2002-12-02,0.840318440695709,1.016679427977469,0.8364246127982037,0.8352612703381194,0.8421516873322795,0.8391963270775459,0.9402623270506377,0.932492199883856
2002-01-02,2003-01-02,0.8002223112726612,1.016291605667591,0.8135656516085116,0.8124568555128645,0.8313892298482979,0.8283997528561868,0.9292498565751734,0.9216263074911333
2002-02-01,2003-02-03,0.7795096103607874,1.015955949329952,0.771875414287296,0.7708040100976303,0.8111423955517045,0.8081355421341533,0.8963258742782219,0.8890412636093233
2002-03-01,2003-03-03,0.7503655960115245,1.0155193348302907,0.7580647419097386,0.756917439193797,0.8216758543266934,0.8184723281011994,0.8894788642131112,0.8822900638607402
2002-04-01,2003-04-01,0.7620991251011715,1.0148851150721647,0.8022348036444509,0.8010166167640418,0.8821763409367408,0.878780493054672,0.9372437979416878,0.929946574397846
2002-05-01,2003-05-01,0.8587982931021885,1.0143998297289034,0.9061593791444172,0.9047625217088537,0.9893523763623033,0.9855764522386489,1.022812496470338,1.0151409216040008
2002-06-03,2003-06-02,0.946107014978763,1.013765688723712,1.025232636528953,1.0237664467933811,1.0751381340654211,1.071311307581492,1.0930879007300296,1.0854342481511345
2002-07-01,2003-07-01,1.0328153794326767,1.0131767168679409,1.1011231130411103,1.0994727974677023,1.1104773870525237,1.1066371569077902,1.1163975043834216,1.1089114900143737
2002-08-01,2003-08-01,1.1282923874234065,1.0124985487003741,1.1473124211344083,1.1456802623237052,1.1187602149839044,1.1151495465245336,1.1120658343759986,1.1050948415870596
2002-09-03,2003-09-02,1.1854430563216047,1.0118583493100592,1.189199722225528,1.1876762263828777,1.1718273265837222,1.1683399129268262,1.149616319326226,1.1429475070688377
2002-10-01,2003-10-01,1.2229185279869403,1.011345335617989,1.1608323891627348,1.1594185635109708,1.177259723343865,1.1738988896466482,1.1311347798568696,1.1249234959440166
2002-11-01,2003-11-03,1.197011921944726,1.01082717008593,1.1783448564692511,1.1771174516609968,1.2212514289778604,1.218102138103281,1.1582083078624674,1.1523291115114571
2002-12-02,2003-12-01,1.1661121086249178,1.0104892950153286,1.2098650344868995,1.2085923682415893,1.230762227318461,1.2277221276991634,1.155403580624822,1.1497646885475314
2003-01-02,2004-01-02,1.241626184046958,1.0102623681676444,1.3012288299191301,1.2999040538061504,1.2682233609149687,1.265247206807876,1.1841194149857817,1.1785692005915762
2003-02-03,2004-02-02,1.3433782153943492,1.009985323375986,1.3568104123840394,1.355583293302107,1.2822983899472042,1.2795086446600328,1.1929316909371928,1.1876012484323744
2003-03-03,2004-03-01,1.4092121096273988,1.0097988847669417,1.3539125503002758,1.3527083926394388,1.2780400429025203,1.2753128076190203,1.1873322266127235,1.1821201402566073
2003-04-01,2004-04-01,1.3420366971208864,1.0096951542885158,1.2630004973604427,1.2618561118808593,1.209363383378401,1.2068238973392684,1.1306893393311421,1.1258037906165812
2003-05-01,2004-05-03,1.240708604396172,1.0095867863153962,1.1904300358095234,1.1894102361607704,1.1585404257796723,1.156197624278881,1.0888716105020944,1.0842719080854517
2003-06-02,2004-06-01,1.179616241059291,1.0094587924996186,1.1673963549251505,1.16653016467627,1.1344872075389871,1.1323356282907535,1.0738816935184026,1.0694772440979645
2003-07-01,2004-07-01,1.1692434326099352,1.009778790546022,1.1543428263866777,1.1534369373891653,1.1234107204800046,1.1212323187983568,1.0678978329007014,1.0634442232993024
2003-08-01,2004-08-02,1.148516499707516,1.0101896290628911,1.1177316787069842,1.1168339725922398,1.0790955264472768,1.0769939827659905,1.0341019625775218,1.0297309210238321
2003-09-02,2004-09-01,1.1013145482774296,1.0105709572765404,1.0891538040455424,1.0883098970949137,1.0528952856860023,1.050902814674021,1.0231779117664568,1.018814591490903
2003-10-01,2004-10-01,1.1306490622265397,1.0111938651162111,1.097080086593156,1.096211260446409,1.0551817359673112,1.0531776424669417,1.0395058873899623,1.034919116072077
2003-11-03,2004-11-01,1.0859344248890939,1.011861570988596,1.065054997127673,1.0642710874842187,1.0350366720768867,1.0331246646112766,1.0290615417011708,1.0244113046533916
2003-12-01,2004-12-01,1.132991359034346,1.012865756845477,1.097561788635918,1.0967195973637252,1.081595657195347,1.07952617862942,1.0794456669198622,1.0742744032484506
2004-01-02,2005-01-03,1.1031549748601779,1.0140716763098059,1.0788675092848692,1.0780732016445356,1.0824510318267087,1.0803632139916959,1.079508193739336,1.0740589448850832
2004-02-02,2005-02-01,1.0657105465026808,1.0151894667502106,1.0594715688083458,1.0586794476217258,1.0673481785120627,1.0652059001901304,1.0609637308225117,1.0552137773021917
2004-03-01,2005-03-01,1.0655417063941712,1.0164472217252865,1.0848042366680213,1.0839113086456555,1.091839783915999,1.0894406772212923,1.0769013610884453,1.070521377026287
2004-04-01,2005-04-01,1.0544190524917194,1.0180115078537284,1.0619992550505908,1.0611149131657773,1.0659715865878303,1.0634424297630167,1.0402309831187277,1.033547095967862
2004-05-03,2005-05-02,1.0585376252302974,1.0195829495171314,1.053055986951276,1.0521139351468742,1.0562818725027854,1.0535307027927574,1.0280266461656582,1.0207657857296024
2004-06-01,2005-06-01,1.0920022111755647,1.021141644996673,1.0939591809941813,1.0927591909996766,1.0917739757322211,1.0885347560424519,1.0615329845186607,1.0531881056915082
2004-07-01,2005-07-01,1.0772299892427253,1.0225784946819736,1.0916918199878696,1.0903817575320398,1.0741378252763696,1.0706798596031837,1.049069191836238,1.0401168145589115
2004-08-02,2005-08-01,1.1365548961539855,1.024177955454633,1.1279172416813676,1.1264958831758805,1.0995235189123955,1.0956796716512252,1.0801692339810425,1.07022670591146
2004-09-01,2005-09-01,1.124661662353364,1.0259378564878956,1.1082984076548676,1.1067420237427263,1.0753656120499373,1.0711899105567084,1.0598242498799226,1.0492707452185723
2004-10-01,2005-10-03,1.103845197714217,1.0276215207091264,1.0857276639251308,1.0840484153174137,1.0636626713603627,1.0591396550870165,1.0557608639317344,1.0444264158938594
2004-11-01,2005-11-01,1.0830788180197206,1.0291113362586801,1.0431348520506079,1.0412921403500768,1.0365068277418168,1.0316556612685581,1.0284976759577529,1.0166636419648298
2004-12-01,2005-12-01,1.0811194487940643,1.0306415372545379,1.0793889174676068,1.077291817392098,1.0861895406829858,1.0806832320660436,1.0775943709432996,1.0644146402713843
2005-01-03,2006-01-03,1.0750717119333144,1.0322337602127314,1.0770409883371237,1.0750080601206,1.088051281573178,1.0823774553942227,1.0761557865837654,1.0624882951673058
2005-02-01,2006-02-01,1.0984053293058236,1.0337929839260627,1.0974329734703971,1.0951353742618861,1.1008543722860764,1.0947366912375252,1.0833039813324465,1.0687763932041234
2005-03-01,2006-03-01,1.0870761303686722,1.0352909477678023,1.114845579844262,1.1121891150999648,1.1029263281715245,1.0963873462979663,1.085795776341619,1.0704184104405199
2005-04-01,2006-04-03,1.127171458886282,1.037103011092721,1.1224606046495145,1.1198277241380954,1.1065834793760925,1.0998566283195659,1.0856446830439024,1.069758803072055
2005-05-02,2006-05-01,1.144125656106016,1.03830955527937,1.1216706829052947,1.1190229873269584,1.1045562459613074,1.0975432812366754,1.0830081450183697,1.0664767402286777
2005-06-01,2006-06-01,1.089558959895681,1.0400347786448385,1.0836022110405572,1.0808667886542282,1.0829743194760588,1.075608585156415,1.058028633518646,1.0410461170119532
2005-07-01,2006-07-03,1.0919853713407124,1.04185766436388,1.0733213154284496,1.0703348528515237,1.0695937402678126,1.0619031217683539,1.0482110811356031,1.0305299977519837
2005-08-01,2006-08-01,1.0480753997752825,1.0430976363863798,1.055711042253587,1.052580954395493,1.0509539034604563,1.0430684927571654,1.0346385337753012,1.016443147078204
2005-09-01,2006-09-01,1.0937174839730242,1.0444322642034727,1.0999671872081491,1.0966630111836737,1.0786919409896782,1.0704038661222666,1.0663632245433632,1.0469715422429127
2005-10-03,2006-10-02,1.1060682069516143,1.0455639847718023,1.1039468701232678,1.1006339482554581,1.0851682100817661,1.0765986886602852,1.076737832114988,1.05650466603467
2005-11-01,2006-11-01,1.1590743024243162,1.046703551145629,1.1213560729458993,1.117715930711508,1.1045181464371454,1.0952857334207264,1.0990825340172214,1.0776182214620345
2005-12-01,2006-12-01,1.1254404546245786,1.0476093243190945,1.1215194864499598,1.1176441088407727,1.1135489066624153,1.1038162601612156,1.1118223636662878,1.0894359972740846
2006-01-03,2007-01-03,1.1380747729661096,1.0485179169961012,1.1295153256858075,1.1257225807989988,1.126469986370031,1.116443989241349,1.1188987848906717,1.0960818407610218
2006-02-01,2007-02-01,1.1492777687250548,1.0491298487803207,1.1440252930276065,1.1398920783719046,1.1480219326975332,1.1373003281955667,1.131882298762095,1.1082594506250432
2006-03-01,2007-03-01,1.1073594861881164,1.0496086058404686,1.1045854348246988,1.100290698578758,1.1169282777990615,1.1059433588516272,1.0888894722942115,1.0656497777830531
2006-04-03,2007-04-02,1.1186249195325682,1.0498731352554627,1.1224393604754386,1.118283173361699,1.1305543516639938,1.119577730502704,1.0974015012809528,1.0740766111462754
2006-05-01,2007-05-01,1.1602225453849733,1.050231049867426,1.1761706293789795,1.1713539792411427,1.1744171375659722,1.162550903781076,1.1360594938220283,1.111388265323993
2006-06-01,2007-06-01,1.2174943615930989,1.0502593090920467,1.2275336879032128,1.2224703006508386,1.2056061675767884,1.1934600203865435,1.1627967124179899,1.1375740251685278
2006-07-03,2007-07-02,1.2091543272695295,1.0499709993753648,1.2056750891034933,1.2008681349631214,1.1756923533508534,1.1640659716615078,1.1328442490052821,1.1084972389212093
2006-08-01,2007-08-01,1.1750986413767972,1.0500154739128922,1.1477502935309944,1.143040180515477,1.1149331819578738,1.1037324995915665,1.0769730949950658,1.0536812653181853
2006-09-01,2007-09-04,1.1570150970748514,1.0497029637153386,1.1383790777156888,1.1338093728098644,1.109028082189234,1.097957144599208,1.0813868001434617,1.0579975790448162
2006-10-02,2007-10-01,1.1838647363441688,1.0484289315901587,1.1577057247524976,1.1530976105449935,1.1386739632853138,1.1272386456569816,1.1110871523025891,1.087004775155281
2006-11-01,2007-11-01,1.1237114552448206,1.0476838535448314,1.1053142299197778,1.1007606388031437,1.097413406745918,1.0862425161599472,1.0694302356887293,1.0463119156490912
2006-12-01,2007-12-03,1.0739074285929728,1.0464367728355908,1.0596520694845584,1.0552080022431334,1.0571474811713577,1.0463861320472636,1.035689213341125,1.0134101356120753
2007-01-03,2008-01-02,1.0409767727003212,1.0444480322557725,1.0398464677686292,1.0357599543091431,1.022912640056327,1.0128880509375717,1.0131236689965553,0.9918374670267598
2007-02-01,2008-02-01,0.9833393048106404,1.0427147834529875,1.0004829477410537,0.9964469799408796,0.9745639436393486,0.9649895865133837,0.9743440516370826,0.9540841822540722
2007-03-01,2008-03-03,0.9670394338360961,1.0405805173456304,0.9470317428229501,0.9431437754987994,0.9286760640797662,0.9193852887022786,0.9329350631302938,0.913764814333307
2007-04-02,2008-04-01,0.9807465544059973,1.037071946702445,0.9457199677142176,0.9421006770031074,0.9460034900935131,0.9367608593923027,0.9638369717448582,0.9447845766408394
2007-05-01,2008-05-01,0.9671873498085445,1.03416142232297,0.951625656278261,0.9478515564114618,0.9593500190295897,0.9500460848860942,0.9936376322419607,0.9746970630378629
2007-06-01,2008-06-02,0.9198200505828982,1.0315745809562078,0.9406303714076468,0.9368651924828365,0.9410673197913245,0.9322477546037797,0.9805327081500465,0.9630337530827293
2007-07-02,2008-07-01,0.8630632040615723,1.0290462124779718,0.8816594538044996,0.8781547286304242,0.8788151710872117,0.8709714850148873,0.9160714277604308,0.900977902488413
2007-08-01,2008-08-01,0.8776935509457815,1.0264038369048767,0.8591228777556598,0.8561100603489585,0.8681048205637357,0.8609698609756986,0.9096406119840896,0.896061968687308
2007-09-04,2008-09-02,0.8758127409541595,1.0239389146337974,0.8626088071700995,0.8600082449789316,0.8872496816119185,0.8807093032668115,0.9331344105443736,0.9207675384278993
2007-10-01,2008-10-01,0.766620910833286,1.0219439282213139,0.7873895782133173,0.7848485423380928,0.822136060779931,0.8162235038178154,0.8584634864821975,0.8478611559069159
2007-11-01,2008-11-03,0.6545646615125855,1.019132890391902,0.6696217745972376,0.6677593947943264,0.6971784399992987,0.6929265674052342,0.7309263053515299,0.7230043320111449
2007-12-03,2008-12-01,0.5671448583153414,1.0163385000779892,0.5813642135618662,0.5799304908432098,0.5957945592135316,0.5927733934676135,0.6433925979449846,0.6371808690136153
2008-01-02,2009-01-02,0.6594367500378817,1.0138371222929952,0.687156885788326,0.6856535088289041,0.687189953195761,0.6842825669382018,0.7775620617484581,0.770831773006681
2008-02-01,2009-02-02,0.6059934014842489,1.011622271952047,0.6190657810886367,0.6181125485366636,0.6203054243097239,0.618152337191038,0.7142772739728785,0.7089257280292159
2008-03-03,2009-03-02,0.5400783896843531,1.01001415547235,0.5247460007328809,0.5242316676686237,0.5367301206435026,0.5350861880619825,0.6364522247496819,0.6322200908121621
2008-04-01,2009-04-01,0.6076741377356847,1.0092128914614131,0.599579782695472,0.5988487540800097,0.6260448587568612,0.6238819788683904,0.7828665334986278,0.7777463290182615
2008-05-01,2009-05-01,0.6392964278783734,1.008264759385274,0.6632032604626829,0.6621690529520079,0.696960153681346,0.6943431470117867,0.8835506233510131,0.8781170966118257
2008-06-02,2009-06-01,0.6990711897672397,1.0068685397591766,0.74030489824708,0.7391968466130813,0.801670242181746,0.7988449261999301,0.9835491701474687,0.9784625698526104
2008-07-01,2009-07-01,0.7381818486500753,1.005531856838949,0.7442720913846195,0.7431997543875232,0.8637353093054561,0.8610811796217472,0.9886586902071811,0.984569714368576
2008-08-01,2009-08-03,0.8172387780610555,1.0042864119905466,0.8361061129526736,0.8349789236937876,0.9868052020491028,0.9844680282948336,1.0976369223755773,1.094230631568127
2008-09-02,2009-09-01,0.8026719270068422,1.0029027505828694,0.9146681396530566,0.9138630377768263,1.052640096002569,1.0512290230557253,1.1092096802648073,1.1071361333392464
2008-10-01,2009-10-01,0.910956898297223,1.0020716137118761,1.0982051754577078,1.0976885592720975,1.1972108651703925,1.196368862767016,1.1624522759609206,1.1611398651688098
2008-11-03,2009-11-02,1.1079286084920215,1.0015558557531041,1.1857423033207652,1.1856240362207702,1.2764108032721635,1.2760271210953336,1.1855827692075802,1.1847640002218782
2008-12-01,2009-12-01,1.3934274881058848,1.0014638433291327,1.3275711991144568,1.3274971544685323,1.3772344583735092,1.3768375097724268,1.2541625083881418,1.2533165769968282
2009-01-02,2010-01-04,1.2453957882457913,1.0014849637817178,1.4324537660123982,1.4322220692729342,1.3745721691440238,1.3740411249642275,1.2499297047668323,1.248974834102398
2009-02-02,2010-02-01,1.3510726831508995,1.0014241173796168,1.4345991886191642,1.43430268056611,1.3219332579788385,1.3213800964703668,1.183118571161257,1.1822085680154977
2009-03-02,2010-03-01,1.6276875569665201,1.001285849842474,1.4422801923222697,1.4420690665311646,1.3138950296486744,1.3134330152912017,1.1846769344628805,1.1838832069728626
2009-04-01,2010-04-01,1.483999320670909,1.001241224956528,1.375133038576496,1.3749556786897814,1.3015330158783673,1.30108919457032,1.197363526308485,1.1966169996739056
2009-05-01,2010-05-03,1.3990844962454045,1.001252466581456,1.3406190065604313,1.34042348226442,1.2736108730899658,1.2731604364237512,1.1818671810538117,1.181152947568397
2009-06-01,2010-06-01,1.159215431488103,1.0012305506491748,1.1426608928346573,1.1424880588257087,1.101961354400517,1.1015900440928146,1.025279911475047,1.0247007240764507
2009-07-01,2010-07-01,1.1355768994559277,1.0011798802357355,1.075694818288773,1.0755332438991898,1.0295294944255025,1.0292251302162791,0.9725872673080765,0.9720782235390527
2009-08-03,2010-08-02,1.1458650925716862,1.0011549579476295,1.135227788256511,1.1350878864285388,1.0892527195040385,1.0890040782883943,1.054600354530337,1.0541063404302748
2009-09-01,2010-09-01,1.1045707752331237,1.0011445561014898,1.0759714063068826,1.0758780591077752,1.0314108223239622,1.0312392788579094,1.0027277707414781,1.0022969500457148
2009-10-01,2010-10-01,1.1357508737126414,1.0011681144477298,1.1023518924422173,1.1022914003093272,1.073538276456883,1.0733966727746231,1.0562350649744345,1.055781486727773
2009-11-02,2010-11-01,1.1588057969865146,1.0012174360584745,1.1027999979307197,1.1027539859793423,1.0841546988641664,1.084008147233894,1.0809483665288842,1.0804480388279039
2009-12-01,2010-12-01,1.109852306526313,1.0012947202942237,1.1072201647211004,1.1071658147094883,1.0790544173072802,1.078864772509924,1.0901145460349848,1.0895434690781993
2010-01-04,2011-01-03,1.145276521226998,1.001368994871308,1.164894247115689,1.1648248736943376,1.1445049439893809,1.1442461016227135,1.141514870627691,1.1408544919281067
2010-02-01,2011-02-01,1.2247880719546747,1.0014418979045847,1.1819567223446497,1.1818441400965545,1.195966923247603,1.1956229801460567,1.1623447739420139,1.161602845580713
2010-03-01,2011-03-01,1.1942955732332883,1.0014572434561058,1.1432397983218683,1.143092580913467,1.1888915963801334,1.1885061553152607,1.1450818791407082,1.1443143397799782
2010-04-01,2011-04-01,1.1536052604656968,1.0014125762221553,1.1828360754270528,1.1826699941916674,1.2189483032448087,1.2185521902053575,1.153081594531431,1.1523206639302361
2010-05-03,2011-05-02,1.1549774828978627,1.001319946762576,1.2651651764802005,1.2650096216085096,1.250055171533268,1.2496758167619741,1.166147079054183,1.1654135241312307
2010-06-01,2011-06-01,1.2523735227110384,1.0012270451687724,1.2478563457979854,1.2477187460410402,1.2108631748921834,1.2105122390260183,1.1162421591946736,1.115566214318037
2010-07-01,2011-07-01,1.3301555085105161,1.001157979041808,1.2678003847729595,1.2676331703023338,1.2101585462659488,1.2097864128442188,1.11796396652403,1.1172810204226349
2010-08-02,2011-08-01,1.1658714867732813,1.0010524833797645,1.1729671274491518,1.1728212008493912,1.120973811615506,1.1206446350511383,1.0485595458557622,1.0479552645714751
2010-09-01,2011-09-01,1.1373486213359152,1.0009447983843194,1.080924168985077,1.080798332696804,1.025010030779678,1.024717898523698,0.9709659919816934,0.9704391719018725
2010-10-01,2011-10-03,0.9783719311246439,1.000833558918383,0.9502979066427182,0.9501908889024563,0.905553554634516,0.9052994312692276,0.8770342629591853,0.8765890363908823
2010-11-01,2011-11-01,1.049660444299584,1.0007338298766615,1.0172733859548708,1.017155205687999,0.9782035680493869,0.977931471431387,0.9753182027783645,0.9748578127566215
2010-12-01,2011-12-01,1.053383555914518,1.0006280876192002,1.0068789973943906,1.0067590182427588,0.9774074027774732,0.9771514819792361,0.9949629091586591,0.9945448860893394
2011-01-03,2012-01-03,1.0253004032550408,1.0005149571527632,1.0056609075148295,1.0055483389612663,0.9881137518068757,0.9878896771285599,1.017992545124097,1.0176350829286893
2011-02-01,2012-02-01,1.0344006243140778,1.0004232184463147,1.0263945265849697,1.0262991880608276,1.01524121247815,1.0150613759686624,1.0546506431025657,1.0543617154965277
2011-03-01,2012-03-01,1.0746827713282034,1.0003969376092117,1.0519202610700449,1.051845894358199,1.0571747728315477,1.0570330308994187,1.094052073658307,1.0938229676947435
2011-04-01,2012-04-02,1.0881994832929358,1.000386534126064,1.0838705034714395,1.0838230051916429,1.1070219546051452,1.1069179581784008,1.125078218267537,1.1249003957421257
2011-05-02,2012-05-01,1.0553412789455066,1.0004037880607308,1.0712697557210882,1.0712349873050837,1.1338969997071147,1.1338112541478307,1.1085872554500111,1.1084332865529343
2011-06-01,2012-06-01,0.9939181811766387,1.0004456975019376,0.9934098298873039,0.9933783320923469,1.0505947883095532,1.0505262876733248,1.0064005763522204,1.0062628965459564
2011-07-01,2012-07-02,1.0419872793015499,1.0004911701544419,1.09344167062219,1.0934097746137312,1.132167166664961,1.1321063782714749,1.0775482881193228,1.0773942613588676
2011-08-01,2012-08-01,1.0926977505572701,1.000537192210043,1.177017209198957,1.1769968351359648,1.148231853466849,1.1481904423987157,1.0831103182074842,1.0829496130290122
2011-09-01,2012-09-04,1.1927106127711846,1.0006114382124003,1.2244344413318349,1.224418772647554,1.168815657660568,1.1687779252451926,1.101542542419095,1.1013525965833988
2011-10-03,2012-10-01,1.3436978739026881,1.0006774675479955,1.2454021002461728,1.245386533956877,1.1763603324555654,1.1763094918089045,1.1178541057756692,1.117619812093165
2011-11-01,2012-11-01,1.1982256982469817,1.0007547350950625,1.168552125758582,1.1685394343880384,1.112361080404108,1.1122907329089824,1.07800138390496,1.077728699083221
2011-12-01,2012-12-03,1.1579882466117015,1.0008229722607618,1.1232825509525084,1.1232643692759643,1.073167164017639,1.073065185951719,1.0510658016468362,1.0507453369938868
2012-01-03,2013-01-02,1.1715700434406413,1.0008646325726185,1.1282936668067665,1.1282464094294051,1.1086328509990573,1.1084756923950179,1.079340255572644,1.0789472307828059
2012-02-01,2013-02-01,1.1689013296431514,1.0008975211507005,1.126405501108098,1.1263257542902478,1.1333098448659222,1.1331061388192345,1.1032956823328302,1.1028453497993864
2012-03-01,2013-03-01,1.130205543038538,1.0008988879862077,1.1082943584326757,1.1082169303833884,1.1305980450266897,1.1303927404170522,1.0955533908853872,1.095104715766532
2012-04-02,2013-04-01,1.1260677438674758,1.0008999823151028,1.1690169084255697,1.1689331608016467,1.1587566413330272,1.1585424007358696,1.117793242402523,1.1173348093078903
2012-05-01,2013-05-01,1.1515705062940256,1.0008824455670553,1.1984906985743742,1.1983996188755712,1.1699318550359752,1.1697055607900675,1.123128656961242,1.1226620308548048
2012-06-01,2013-06-03,1.312724394979043,1.000846549105407,1.2520326875159173,1.2519385950393698,1.2105458697502165,1.2103058465153527,1.1540097923195496,1.1535350534751276
2012-07-02,2013-07-01,1.2095832522879524,1.00080791215234,1.1934548378541632,1.193356062625489,1.1713574332719003,1.1711137819863031,1.1122193598545775,1.1117663487460459
2012-08-01,2013-08-01,1.2694279741578087,1.0007591396426625,1.2375094700648446,1.237402458288669,1.223158704638394,1.2229044806695457,1.1585839648721565,1.1581249731664232
2012-09-04,2013-09-03,1.1934103775622023,1.0007043431901583,1.17452665453392,1.1744302350058964,1.1570817790822459,1.156861037363548,1.0940101988038367,1.093608850784536
2012-10-01,2013-10-01,1.1998127232724844,1.0006380378652167,1.212293143189504,1.212186659672084,1.1803553982079509,1.18013707041579,1.1159268977313732,1.1155380068832106
2012-11-01,2013-11-01,1.2615736989252868,1.0005879071118449,1.253753610275363,1.2536660765220238,1.210373586845762,1.2101746070498158,1.1438720903866775,1.1435163829686081
2012-12-03,2013-12-02,1.3056552929026182,1.0005643494239354,1.2578546511153175,1.2577868336052902,1.2169829993668644,1.2168009043854506,1.1497890550566434,1.1494656591802812
2013-01-02,2014-01-02,1.279589604612053,1.000569009828777,1.2477438763634316,1.2476632309405196,1.2069154011535261,1.2067271499187324,1.1457911303373514,1.145473563750367
2013-02-01,2014-02-03,1.1755816794786895,1.0005465452149078,1.1595983925533238,1.1595137812694605,1.1274960291310545,1.127325218875778,1.068230395851812,1.0679485830870257
2013-03-01,2014-03-03,1.2416392703532402,1.000511485257081,1.2115460152734494,1.2114679522459368,1.1721636183828876,1.1720134207737771,1.1192417018001506,1.1189766909768082
2013-04-01,2014-04-01,1.2326756592911234,1.0004794364246252,1.2058624458666236,1.2058084208317086,1.1814110986122215,1.1812925611218503,1.124422805451536,1.124190908013487
2013-05-01,2014-05-01,1.2155379209662287,1.0004564224775445,1.1905309665789845,1.1904853674823277,1.1635223567901507,1.1634219212299597,1.1052435138139234,1.1050254926829688
2013-06-03,2014-06-02,1.1982276705818562,1.0004457365758517,1.1872331981329383,1.1871919984602728,1.1688197080716465,1.1687260222782685,1.1137990627095844,1.1135803882165225
2013-07-01,2014-07-01,1.2477454929662037,1.0004358735158676,1.2170593370600038,1.2170194398702583,1.179931286478999,1.1798396206799435,1.1267025910787591,1.1264821915810994
2013-08-01,2014-08-01,1.1515003116553466,1.000426009156222,1.167467179059079,1.1674327030601195,1.126461769386156,1.1263649556797892,1.080277343554808,1.0800594521430908
2013-09-03,2014-09-02,1.2465708088299572,1.0004158718617724,1.202588282939054,1.2025629503000312,1.1682699508235905,1.1681663614595907,1.112985478352758,1.1127637019876835
2013-10-01,2014-10-01,1.1721344929632722,1.0004197083956197,1.1326245391509844,1.1325735878054792,1.1128823309646307,1.112751553943146,1.0634972969881245,1.063260482074146
2013-11-01,2014-11-03,1.1691562125804011,1.0003923114345772,1.1432732908212009,1.1432099303936478,1.1327646925527206,1.1326261716620702,1.088979823616495,1.0887424530951642
2013-12-02,2014-12-01,1.1637953992802035,1.000352587937682,1.168635095239986,1.1685750644997899,1.1406574114973804,1.1405323735630644,1.0963936545513182,1.0961794385777157
2014-01-02,2015-01-02,1.1466490599439234,1.0003194415493661,1.1619420150897792,1.1618969843890457,1.13087502770285,1.1307723088730746,1.0871454638851203,1.0869628013075128
2014-02-03,2015-02-02,1.184118867078018,1.0003024564311762,1.1294625325989276,1.1294188362309325,1.0961679757163387,1.0960749109256898,1.0563958006143679,1.056231211475648
2014-03-03,2015-03-02,1.1707780832795875,1.0002769793081359,1.1531413433547113,1.153099762769278,1.1296910395310567,1.1296032593911198,1.0934718373369965,1.093315013400132
2014-04-01,2015-04-01,1.1150606708673045,1.0002569816249198,1.1060903262349269,1.1060610815517273,1.084097539916286,1.0840272962216484,1.0515716335892575,1.0514401174919237
2014-05-01,2015-05-01,1.1422122392130116,1.0002495845046633,1.1144039574787026,1.1143730425048837,1.1029053936566684,1.1028351127207803,1.0675664627208281,1.0674372651253992
2014-06-02,2015-06-01,1.119561719642634,1.0002345159668382,1.108770429818264,1.1087424340681638,1.0928831188266679,1.0928199758498571,1.06001192136845,1.059891511724605
2014-07-01,2015-07-01,1.0745718520071847,1.0002197219215772,1.0767545777176368,1.076729985193775,1.0638503194879083,1.0637967167852442,1.0348709898440331,1.0347616901875785
2014-08-01,2015-08-03,1.1121872174888778,1.0002282129893458,1.0916940580335643,1.0916681097166885,1.066192386835335,1.066139819697739,1.039844364799834,1.039736730734958
2014-09-02,2015-09-01,0.9755953237354604,1.000254778249546,0.9811025272733734,0.9810876975834755,0.965319648908753,0.9652794567091973,0.9423137026771943,0.9422242168680511
2014-10-01,2015-10-01,1.0091650701593182,1.0002566945350475,0.9782023445405964,0.9781884182502883,0.961593057402284,0.9615517818785605,0.9509512411091884,0.9508548597277343
2014-11-03,2015-11-02,1.0646051901727491,1.0002588840873192,1.0492637731263434,1.049244292714455,1.0410047624899703,1.0409547629695242,1.0404566142426743,1.0403419059009478
2014-12-01,2015-12-01,1.0456449964282828,1.000345687476995,1.0489099700054039,1.0488855386728975,1.0336101278765397,1.0335573161056977,1.0370144722653276,1.0368946961640118
2015-01-02,2016-01-04,0.9987555479660465,1.0005247215356092,0.9941993950064772,0.9941805741026366,0.9850281111694539,0.9849828231879373,0.9909241586312549,0.990805272750149
2015-02-02,2016-02-01,0.9802066385852358,1.0007023725959365,0.9570648006506981,0.9570494308690023,0.9469632194344705,0.9469242893419475,0.9558917225127573,0.9557558270821502
2015-03-02,2016-03-01,0.9546001063963911,1.0009372459128825,0.9635240047232712,0.9635041896602606,0.9608813384426954,0.9608370875079917,0.9795426095474911,0.9793568740783919
2015-04-01,2016-04-01,1.0282272750605206,1.0011697121176417,1.010454685150949,1.010437957832435,1.024355422901878,1.0243037493965967,1.0320951072774844,1.0318405337631844
2015-05-01,2016-05-02,1.0089552698543611,1.0013445088173274,1.0111458064897096,1.0111323721042889,1.0401150233650223,1.0400555100191362,1.0353356133611256,1.0350006814044292
2015-06-01,2016-06-01,1.0162863296741989,1.001560930131527,1.0225362768878299,1.0225176003614107,1.0504989850140871,1.050428694159443,1.0464562165431037,1.046018205381504
2015-07-01,2016-07-01,1.0347152993906172,1.0017727571757031,1.0592581630447402,1.0592170872457987,1.0530400104343967,1.052943677565276,1.0487971451345197,1.0482406137635094
2015-08-03,2016-08-01,1.0577105979691008,1.0019980115594966,1.1210640578137088,1.121015359299669,1.091951198623745,1.091806383193953,1.0809004834962843,1.0802041229011279
2015-09-01,2016-09-01,1.15974555194894,1.0021986164019936,1.1210963516999468,1.1210777044291613,1.1072928617662945,1.107095741983367,1.0790511845053208,1.0782448456070852
2015-10-01,2016-10-03,1.1483338550582096,1.0024387843919724,1.0813151796985354,1.0812681631067964,1.0958249003078369,1.0955027160939765,1.0627884922934094,1.0618207496004075
2015-11-02,2016-11-01,1.0258264418384968,1.0026844654552813,1.0392593181661898,1.0391153668230266,1.0566882987279829,1.0562140521935393,1.0276842369831434,1.026555145120119
2015-12-01,2016-12-01,1.065361582414345,1.002954581641681,1.1095217985711214,1.1092922523166726,1.099510786040475,1.0989169829783203,1.0671716026282543,1.0658738999167985
2016-01-04,2017-01-03,1.1464111459702129,1.0032149702534616,1.1658935513711748,1.165641135592961,1.1329625355062456,1.1323385764057574,1.0957657381045165,1.0943945963079402
2016-02-01,2017-02-01,1.201528220829026,1.0034280256570898,1.1653790435079772,1.1650945836294602,1.1349977822304478,1.1343467792281474,1.0954243831463113,1.093985978734376
2016-03-01,2017-03-01,1.2375070794339609,1.0035835128108594,1.1967500852748694,1.1964755881059872,1.1711744492997755,1.1705175575884463,1.13641975225851,1.1348853249556028
2016-04-01,2017-04-03,1.162487257133891,1.0040043408014072,1.1542603800311686,1.1540249779084453,1.1345832237544933,1.1339651803343938,1.1009100501322642,1.0993823376183285
2016-05-02,2017-05-01,1.1720670125833792,1.0044301616955322,1.1622237324559679,1.161960282669165,1.1400401190975893,1.1393701889971,1.1023260546297955,1.100651952125711
2016-06-01,2017-06-01,1.1821830758329803,1.004969271127142,1.1670893515885898,1.1668194502683717,1.15802490640301,1.1573193882470036,1.1099810779150145,1.1081515226522318
2016-07-01,2017-07-03,1.1792776748181737,1.0056212531675086,1.1531928559312747,1.152903277496837,1.1488979935731152,1.1481458374235596,1.09601928237854,1.0940193857633862
2016-08-01,2017-08-01,1.1647466879282493,1.0062279585799112,1.164126732114156,1.163829170721195,1.1568979128397348,1.1560795235180035,1.1035601086300193,1.101321088695451
2016-09-01,2017-09-01,1.1647554167356,1.0068511653558416,1.176025873055314,1.1757192249758444,1.1487695573412247,1.1478709318395113,1.0929695825540993,1.0904826338783191
2016-10-03,2017-10-02,1.1944412815194718,1.0074799298221484,1.1967254608682907,1.19637144004837,1.15415487073517,1.1531469741337974,1.1038117549985096,1.1009692802468523
2016-11-01,2017-11-01,1.2467407423473629,1.0081168564119,1.2024770946375687,1.2020052029454247,1.159603486951792,1.1584003135035392,1.110800160191311,1.107551448182037
2016-12-01,2017-12-01,1.2305729478996543,1.0087718782889314,1.2013535484842324,1.2008258728789867,1.1643326537133685,1.1629808947417153,1.1199416195405982,1.1163275917429896
2017-01-03,2018-01-02,1.2181187115860483,1.0094782761271037,1.1894223142796128,1.1889460875516709,1.1670141541793921,1.1655485994796766,1.1247152516123649,1.1207965993194737
2017-02-01,2018-02-01,1.262855063383877,1.0102395674021478,1.2263630444767508,1.2257656168920692,1.2063021786309804,1.204528760866071,1.160027578411974,1.1555707607061099
2017-03-01,2018-03-01,1.1397928507642592,1.0110511394945412,1.1462165465496152,1.1454663071403577,1.1296368430491102,1.1276401921700856,1.082607262894306,1.0779943467703819
2017-04-03,2018-04-02,1.1162463668362996,1.0118850325253785,1.0997235691791987,1.0989989924139636,1.0830358033167657,1.0810167562174324,1.0342490288867596,1.0296022490577548
2017-05-01,2018-05-01,1.1335858243019652,1.0126841409578218,1.1192281576820067,1.11833723528168,1.1003724871724276,1.098110181601006,1.055036962852445,1.0498852351025103
2017-06-01,2018-06-01,1.1475269942329969,1.0135255803311185,1.1400574282528682,1.1390754361691646,1.120115343596501,1.117715169502858,1.0782522277338453,1.0726671655630589
2017-07-03,2018-07-02,1.1445494168718433,1.0142896804446033,1.1291152563775486,1.128148912076102,1.1011872184955354,1.098811158045625,1.0644093326894806,1.058637651516263
2017-08-01,2018-08-01,1.1583529384640168,1.0150647919485773,1.1488341685092653,1.1478357471167504,1.1162424337950698,1.1137421022244824,1.0873055256471889,1.0810460470670928
2017-09-01,2018-09-04,1.19230496080108,1.01611615457367,1.1678439716875133,1.1668249050689192,1.1259411460154143,1.123303479071475,1.1088567567850274,1.10207044517065
2017-10-02,2018-10-01,1.1788352545810823,1.016831118947809,1.1536148038530651,1.1525527519580654,1.1215935533227734,1.1187475587128197,1.1051684550078025,1.0979250709123132
2017-11-01,2018-11-01,1.0831019272040434,1.0178787739814055,1.057808857376002,1.0566970034827252,1.046971659209574,1.04399071337358,1.0231679973330712,1.0159713330233475
2017-12-01,2018-12-03,1.0765080347220706,1.0189314031014645,1.046437511675897,1.0452478071410602,1.0619773279331193,1.0586926091595916,1.0377772270289263,1.0299715026850305
2018-01-02,2019-01-02,0.9494471874741346,1.0197436261898594,0.9371451518051396,0.9360388372548147,0.9500454932810641,0.9469428468691574,0.929641830496366,0.9222685908340919
2018-02-01,2019-02-01,0.9783051809557644,1.0205597014744416,1.0256013032143494,1.0242258691542887,1.022627066399185,1.0190410666269614,1.0090476884027229,1.000485672971967
2018-03-01,2019-03-01,1.068140017243062,1.0212128234752533,1.0846199277722617,1.0830255236899715,1.0608504224460324,1.056894821770632,1.049991833673541,1.0405910212648908
2018-04-02,2019-04-01,1.1329362031768417,1.0217830249164803,1.1013613303879548,1.0997765329944091,1.071036548244167,1.0669710549863018,1.0697051260931936,1.0598703645597942
2018-05-01,2019-05-01,1.123569252793171,1.022363912195899,1.1022339136920838,1.1004815678724194,1.069320106488113,1.0650242355827209,1.0810567810542178,1.070685023500648
2018-06-01,2019-06-03,1.023763555294959,1.022921676906989,1.0156212985844595,1.013988499096109,0.9991469074314342,0.9949578403741759,1.0076417655580021,0.9977393830014202
2018-07-02,2019-07-01,1.109201809941579,1.0229712520637493,1.076326531723045,1.0745193822207169,1.0755217672447694,1.0708105686656173,1.0881005046309296,1.0770943696349042
2018-08-01,2019-08-01,1.071361216137988,1.023157182244125,1.047298376371485,1.0454390539118694,1.087399843510074,1.0822589426467144,1.0766626196573803,1.0655187354598081
2018-09-04,2019-09-03,1.0237842826079295,1.0230236470172294,1.0404775148697338,1.0386775242298374,1.0774925743352846,1.072404952095673,1.0558417229559396,1.0449658882532855
2018-10-01,2019-10-01,1.0260612495414279,1.0228997930336592,1.0659239563665073,1.0637985010849085,1.0958948210424662,1.0904633707511178,1.0680068795362085,1.0567379084998476
2018-11-01,2019-11-01,1.1423171378273111,1.0223791860285634,1.1702628461885982,1.1678298179107227,1.146158906510582,1.1405513708348372,1.1129852441715615,1.1013652000992051
2018-12-03,2019-12-02,1.1386603088882394,1.0216304184270053,1.1932620963395035,1.19090190635098,1.1519371705221417,1.1464586117673468,1.1199554099570637,1.108539217179415
2019-01-02,2020-01-02,1.3243583809158443,1.0209760468962241,1.2463139557026521,1.244005982742913,1.2084641034616614,1.2026882242349728,1.1611591418191949,1.149583759989387
2019-02-01,2020-02-03,1.224419616780228,1.0203456038141934,1.187347404819194,1.1851205141196528,1.170730266197903,1.1651008944852257,1.131818304831228,1.1207433222421606
2019-03-01,2020-03-02,1.1239529321826005,1.0196517548980526,1.1010282896400032,1.098828245295499,1.0977147974450678,1.092337731600838,1.0604813310192267,1.0502700881083133
2019-04-01,2020-04-01,0.8789886462194428,1.0177835225345102,0.8868533876150009,0.8850277513483477,0.8722920240605726,0.8681334036900376,0.8406597242080783,0.8328997748607883
2019-05-01,2020-05-01,0.9878419874052625,1.015896080574563,1.0047544271393998,1.0027666910649258,0.9947712006159898,0.9901983052701097,0.9758286997694774,0.9671543596925302
2019-06-03,2020-06-01,1.1357964048844007,1.0138308004888124,1.0812397462249315,1.0794308462576518,1.0656137039961597,1.06121545232902,1.0559612820038098,1.0474082751780995
2019-07-01,2020-07-01,1.072246661495408,1.0122645877360743,1.0808643864572256,1.0789148101345465,1.0633754611219053,1.0590638889563675,1.0661390421234158,1.0580153591007029
2019-08-01,2020-08-03,1.1377766882930482,1.01055464711152,1.1452909436064942,1.1433736535741712,1.106541188590109,1.1024152763626338,1.121358676953694,1.113699724100262
2019-09-03,2020-09-01,1.2370146340585153,1.008841524787236,1.2107072486918922,1.2089880282797731,1.165684960783967,1.161746881345832,1.1888745887831698,1.1818356608276128
2019-10-01,2020-10-01,1.1720245259471391,1.0074547506448033,1.1339372207398035,1.1324006094897543,1.1053198136461952,1.101671997641194,1.1213719801776494,1.1155505290193932
2019-11-01,2020-11-02,1.0999098679828263,1.0061194632269113,1.0722183093621316,1.0708319247917302,1.1174553202402935,1.1139236656532563,1.0841006715219843,1.0793197020567769
2019-12-02,2020-12-01,1.1981375745268257,1.0048615494141342,1.1637278093044439,1.1622058119765517,1.252827724988345,1.249370839449998,1.191307774988671,1.187020551633666
2020-01-02,2021-01-04,1.1567460308665316,1.0036188843792822,1.1785700881605103,1.1770292875603314,1.268534585871801,1.2658366085107444,1.18743894193874,1.1842581176597082
2020-02-03,2021-02-01,1.1827167453234033,1.0023301101895112,1.3256132363015904,1.324413681349959,1.3007519480706369,1.2991218126569912,1.1974992413961367,1.1955596463557414
2020-03-02,2021-03-01,1.2849804742321593,1.001194025170715,1.4295419473165196,1.4292646142935226,1.3408183376803968,1.3403244056635424,1.222929963453216,1.2221468652716623
2020-04-01,2021-04-01,1.6550537520992408,1.000997726505145,1.47717379593077,1.4770165162054045,1.353799719565787,1.3534428151847118,1.236870979093745,1.2362349216025474
2020-05-01,2021-05-03,1.5059227614614952,1.0008971794683672,1.42051220764137,1.420355286840487,1.3337710629750592,1.333423768699956,1.234149004995827,1.233544511420089
2020-06-01,2021-06-01,1.3972275783757768,1.0008029195176373,1.3528186977231575,1.352656078385974,1.3003704907299098,1.30003174858041,1.1964177609301405,1.1958640381221197
2020-07-01,2021-07-01,1.4082735579328036,1.000704310524462,1.3265143109011779,1.3263844756840715,1.2969365228083323,1.2966419917415488,1.1972367735027238,1.1967523788011
2020-08-03,2021-08-02,1.3521884654883238,1.0006385717545636,1.309103469176285,1.3089944604394506,1.278921218582624,1.2786609451462834,1.1823270074909706,1.1819073714809945
2020-09-01,2021-09-01,1.3023279570334447,1.0006015924440352,1.347839663501567,1.3477185461144836,1.2895308195569843,1.2892721770075817,1.1906334816627433,1.1902426585428554
2020-10-01,2021-10-01,1.3079338927207615,1.0005479032974622,1.2822457405669916,1.2821430228279465,1.2215855675685348,1.2213648500101597,1.1235359884733935,1.1232102437081362
2020-11-02,2021-11-01,1.4142850993970582,1.0005040770812712,1.317281046283447,1.317186280254911,1.2563732899178837,1.256179630601611,1.1634883825701545,1.1631964037296918
2020-12-01,2021-12-01,1.2500757960915838,1.0004750433787442,1.2320988967499058,1.2320073884083076,1.1807758097430743,1.1806181349404314,1.1059511962539796,1.1057033604511388
2021-01-04,2022-01-03,1.3145919150761682,1.0004476527337864,1.2821118960324476,1.2820456821545536,1.2263445372980637,1.2262316449040511,1.1544661819170323,1.154253960268368
2021-02-01,2022-02-01,1.2217544054151268,1.0005002161027037,1.1818838682877346,1.1818496501196067,1.1323155738106196,1.1322476919678297,1.070353078131851,1.07018377059675
2021-03-01,2022-03-01,1.1192570478379416,1.000711456449047,1.0812281204316052,1.081203622942225,1.0458663121501142,1.0458076646175194,0.9977729890570557,0.9976042807041964
2021-04-01,2022-04-01,1.1468393991920312,1.0010607785694994,1.1133191492508152,1.1133012347686722,1.077137519620436,1.0770731559395206,1.0441713405115711,1.0439572361681224
2021-05-03,2022-05-02,1.0050597764437763,1.0016838320570614,0.9930883871624093,0.9930700543609193,0.9707942526347512,0.9707229009797748,0.9441432485980515,0.9438835704077316
2021-06-01,2022-06-01,0.990101599061041,1.002487993091611,0.9661849614858252,0.9661510173359394,0.9438071839987136,0.9437169648909255,0.9332987469570401,0.9329152376430948
2021-07-01,2022-07-01,0.8985337245631633,1.0037080859153,0.8795245999870153,0.8794849356395917,0.8699582871794592,0.8698658777324928,0.8726813916301263,0.8721560519565109
2021-08-02,2022-08-01,0.9526731035178481,1.0055570896965282,0.944058110029411,0.9440188731213469,0.9205575017977391,0.9204621198999027,0.9499260794002019,0.9490708421504825
2021-09-01,2022-09-01,0.8902009201085884,1.0078052268573874,0.8949698637159648,0.8949364053250838,0.881953123261527,0.8818514696770011,0.9208676157401444,0.9196368255860313
2021-10-01,2022-10-03,0.8573077240128596,1.0105510079723723,0.830688679857543,0.830653188032049,0.8248916041484479,0.8247493037945391,0.864062882686985,0.8623462884224976
2021-11-01,2022-11-01,0.8488587390198705,1.0135525563723935,0.843289442836174,0.8432509276110526,0.8584606948556434,0.858224147194976,0.9200805202644329,0.9173965944771335
2021-12-01,2022-12-01,0.9180296040936557,1.0170389865696625,0.8968519762170102,0.8967852341682355,0.9250861021923252,0.9246319797888393,0.9893034708001238,0.9853056303587283
2022-01-03,2023-01-03,0.8104743956733731,1.0209116082858887,0.8552670144977529,0.8551265807062962,0.882507514722593,0.8817759519894368,0.936962079576629,0.9319234285735568
2022-02-01,2023-02-01,0.9211133095973295,1.024517453890233,0.9372286626556449,0.9369610024610205,0.9876137221053343,0.9863154600245102,1.0290429129025265,1.0218500666289934
2022-03-01,2023-03-01,0.9331945658695744,1.0279537287727092,0.9274723829993361,0.9270353901698419,0.9637571562674497,0.9618999025037507,0.9969502878904954,0.988316416179399
2022-04-01,2023-04-03,0.9229818122458919,1.0319714019379922,0.9847557156252952,0.9840449118285494,1.020881763978114,1.018050461705195,1.0500998485030335,1.0390320848106505
2022-05-02,2023-05-01,1.0204515319695109,1.0352355678919705,1.0534732033049836,1.0524323844636099,1.0688644880969191,1.0648413126659901,1.0706516874047602,1.0574477882368296
2022-06-01,2023-06-01,1.0472798794106353,1.0389414477524161,1.0711751278751536,1.0696205298732837,1.0978615614158507,1.0924493658129226,1.0868803643246414,1.0713875644737583
2022-07-01,2023-07-03,1.184882369948014,1.0424524666736177,1.143481069033507,1.1412039581286402,1.160952313111812,1.153965805068688,1.1464185784082692,1.128047062555573
2022-08-01,2023-08-01,1.130353408501874,1.0449135375074907,1.1908001457506785,1.1877873715990266,1.1931887214489223,1.1847533798317,1.1642795182061936,1.1439525176829046
2022-09-01,2023-09-01,1.1579200107688585,1.047337334936091,1.2012757543691361,1.1978382373288132,1.178703788501836,1.1695099411786511,1.1412607888901258,1.1200704686915097
2022-10-03,2023-10-02,1.1855781750801282,1.049260205712998,1.130700277502701,1.1272522471864912,1.1203307541166758,1.1109320783062149,1.073209458282306,1.0522763723307433
2022-11-01,2023-11-01,1.1175775395643137,1.0508074646094563,1.1024482460157037,1.0984694488571438,1.0860760589252079,1.0762358838664228,1.0472040824248168,1.0255930538940852
2022-12-01,2023-12-01,1.1459875230095047,1.051798491783234,1.1702549268347051,1.1658467693072014,1.1633473646101828,1.1524595010338106,1.1277214547886074,1.103570684779387
2023-01-03,2024-01-02,1.260765358790744,1.052626917651761,1.2199714765983536,1.2156056857858066,1.1936862595091389,1.1825413470991872,1.1528103233501164,1.1278442882890565
2023-02-01,2024-02-01,1.2106818482033135,1.0533881958546236,1.2298719615739926,1.225188834821463,1.2036893534226147,1.1919836732574243,1.1713770170167987,1.1452597355916558
2023-03-01,2024-03-01,1.3212096612955777,1.0540398774862012,1.2833381232613073,1.2781568344429808,1.2399054722170855,1.2273244607539737,1.210362546927606,1.1826608944024377
2023-04-03,2024-04-01,1.2914232729207737,1.0542959396523324,1.2805079855691683,1.2754408371415094,1.2370542873660209,1.2243714629516822,1.2088875016356282,1.1811583448426672
2023-05-01,2024-05-01,1.2228804792760088,1.0548856281387424,1.1946046783392739,1.1893981427676819,1.1761446463922338,1.1632437568903322,1.1346177328140195,1.1080431453817503
2023-06-01,2024-06-03,1.2706937981411912,1.0553232986830936,1.2195420280055074,1.214214416564433,1.235300548634634,1.2214079315088913,1.1765130450381311,1.148841910024566
2023-07-03,2024-07-01,1.2474081890309439,1.0547851167630522,1.234699264526946,1.2293462844475422,1.2616635044217321,1.2476240185291099,1.1963611494499193,1.1684127712740804
2023-08-01,2024-08-01,1.2079961797725824,1.0550458194177708,1.2443363124605316,1.238506391313339,1.242100414487162,1.2281309861388323,1.1702065298067816,1.1428117851879875
2023-09-01,2024-09-03,1.2422921437515504,1.0551137781536364,1.2960741456765226,1.2900567317300162,1.2468939761903974,1.2332337565674643,1.1712506636330293,1.1441330409066206
2023-10-02,2024-10-01,1.350727972585525,1.05415148130613,1.330166245507038,1.3243748442699848,1.2607465645413687,1.2473739482436665,1.189037009193826,1.1617304992679613
2023-11-01,2024-11-01,1.3714641919617927,1.053556529071364,1.2907166162223345,1.2851465728750096,1.2230956736397844,1.2102068524374148,1.164174696482328,1.1374472359144077
2023-12-01,2024-12-02,1.3343959882076164,1.052939018353054,1.2967050710112495,1.2909418517631004,1.253647272913048,1.2401353371239405,1.1972811035406774,1.1696141260469126
2024-01-02,2025-01-02,1.2545246778696755,1.0518864367173093,1.2122518475892057,1.20716930030147,1.188024887981636,1.1753386853965815,1.1351303552454006,1.1092459318885564
2024-02-01,2025-02-03,1.2386943458297344,1.0512155545534703,1.1969366614617156,1.1918983286093463,1.184386287524686,1.1716853792586888,1.1382305991909214,1.1123262697646417
2024-03-01,2025-03-03,1.1540272626993042,1.0502111508264995,1.1593693147140918,1.1541603920825094,1.1359729728433265,1.1235118913569269,1.092237719861467,1.0673653069232623
2024-04-01,2025-04-01,1.088826026720345,1.049007337646944,1.106193281611658,1.1012313028401552,1.080676777590668,1.0688840279453193,1.0400014535594757,1.0166970686003483
2024-05-01,2025-05-01,1.1319172813218696,1.048085116535097,1.0848288305854432,1.080017772459349,1.0599054291758903,1.04843306357667,1.0277341673602645,1.0049518053506958
2024-06-03,2025-06-02,1.1386189836440124,1.0469712147933437,1.1175262537005615,1.1128448083825209,1.0975036516059498,1.086093856067061,1.077559530064624,1.0543314318188794
2024-07-01,2025-07-01,1.1472689387510557,1.04626527548998,1.1495447429464651,1.1443419978151477,1.120683014772525,1.109068909092664,1.113787301182503,1.0900032441664076
2024-08-01,2025-08-01,1.1606127115272433,1.0454028577060681,1.140478253794929,1.1356185415463882,1.1140406675375047,1.10298211259136,1.108381523060981,1.0855319664804413
2024-09-03,2025-09-02,1.1757554991676498,1.044390135427077,1.152886364626606,1.148610936517412,1.1268707854403672,1.116478112078399,1.1263058873162832,1.1041383213993343
2024-10-01,2025-10-01,1.19110677009325,1.043853046201787,1.1707830597789555,1.1663209818133349,1.1674534252452922,1.1565763156807816,1.1636239598649676,1.1408254775067834
2024-11-01,2025-11-03,1.211679143485886,1.043444350708521,1.1836979267346477,1.1792799247961039,1.1939698617437569,1.1830554836827303,1.1717514159396731,1.1493244791262023
2024-12-02,2025-12-01,1.1410835249355897,1.0425307429771993,1.1590838245833401,1.1548237247112072,1.1914869117545759,1.1808020874014293,1.1480677011341824,1.1265476362214324
2025-01-02,2026-01-02,1.183896108069971,1.0420308539887126,1.1799351671393312,1.1757268553735811,1.2030645776356979,1.1925244884329067,1.1447799118775897,1.1236916378656094
2025-02-03,2026-02-02,1.178715577202556,1.0413333476049516,1.2162192372719638,1.2121362347575315,1.212089859054413,1.2018766652802124,1.1488940690884515,1.1281532887378374
2025-03-03,2026-03-02,1.1913310297124597,1.040836432895276,1.2268992663452818,1.2226650755826882,1.1882002644913583,1.1780666120294854,1.1195886387905036,1.0993541224037402
2025-04-01,2026-04-01,1.1820240701441649,1.0404513492549547,1.1668517340388018,1.1627705899267957,1.1186558976451917,1.109021957869586,1.0554279736241854,1.036380920875285
2025-05-01,2026-05-01,1.306151847184148,1.0399370530116452,1.242873738644778,1.238507752718549,1.194521275071561,1.1842148594504043,1.1442757660580039,1.1235968674019168
2025-06-02,2026-06-01,1.2958477031602516,1.0392443415164738,1.2597972241185689,1.2554503910108588,1.2136174677799707,1.2033252303491009,1.1764485322676606,1.1555926143191537
2025-07-01,2026-07-01,1.2219997056983305,1.0388676466155027,1.2088138061157452,1.2044280820252717,1.1675440285020868,1.1576100234476514,1.1346620199685815,1.114785574556361
2025-08-01,2026-08-03,1.2330644621294775,1.0386186317875992,1.1953849124018154,1.191288222959648,1.1650447796610894,1.1554419163262937,1.1335481685361808,1.1142193553617434
2025-09-02,2026-09-01,1.2034345638174333,1.0379248529395984,1.1629233158761847,1.1591928935341997,1.1473654591504732,1.138330619991368,1.118896690530084,1.1003715162254006
